id,position
7,43.4199616251
14,53.1409198627
21,40.8583754891
28,37.9766865062
35,51.4637929239
42,52.2545362315
49,51.2751517728
56,41.4684146878
63,39.4213997788
70,35.9787300622
77,36.5824147695
84,27.8036483146
91,39.2901243226
98,35.4698413448
105,48.6558587982
112,50.2233333109
119,40.5314037552
126,12.7670843618
133,24.8145050797
140,59.9926489809
147,62.411863467
154,52.7906312931
161,61.0119309631
168,57.798516401
175,47.4543097978
182,27.2637176898
189,42.4179521836
196,46.5431892672
203,50.8485343495
210,66.7139500415
217,53.848997208
224,44.585317837
231,24.9908992397
238,21.6834400442
245,35.4808977884
252,40.1769624774
259,38.7680996726
266,52.5279941957
273,51.3235111076
280,44.4361460752
287,50.9447184853
294,38.9526201649
301,41.0297376936
308,-2.08304170141
315,46.7380350211
322,39.3281755768
329,42.495412031
336,52.9794953794
343,42.9347448329
350,30.919719115
357,51.3649193412
364,42.5365653542
371,44.2556364674
378,29.1685974999
385,43.4648256682
392,37.7885961427
399,41.3028556338
406,38.9784057216
413,33.9058941796
420,35.3031165644
427,21.1746327393
434,20.1441675956
441,59.8253057951
448,57.8141666764
455,53.1323434975
462,35.3638698498
469,12.3405230248
476,51.4074749613
483,44.3816444544
490,48.546309149
497,51.0714655359
504,57.9361327354
511,29.8994753113
518,31.4669498241
525,27.2555205102
532,50.0987975644
539,31.7136346255
546,32.5787393988
553,29.5658911601
560,32.3921386774
567,72.0495753392
574,54.9693142097
581,35.4365233504
588,40.4370809469
595,44.8281016313
602,35.4051601085
609,18.131323999
616,46.4273532895
623,56.5681326039
630,14.1096696281
637,54.5754381193
644,39.5239049857
651,49.4229973568
658,60.5676855155
665,41.6101303656
672,58.2679313063
679,64.8670711554
686,44.5711446221
693,39.1564361919
700,21.3473849599
707,24.028504564
714,5.39447592648
721,55.3451133529
728,62.2132598461
735,67.8847820756
742,61.3201274335
749,61.0318204509
756,42.5902570308
763,27.4299037415
770,36.8465272553
777,35.1612262996
784,35.4948409393
791,34.2464192184
798,59.1788748707
805,32.1404026909
812,31.2367018802
819,13.4933193732
826,8.53903007603
833,9.4850381025
840,51.8533326747
847,43.1572814157
854,48.317071975
861,45.5970519112
868,48.567397731
875,46.593292298
882,58.73036328
889,38.0103254555
896,27.7301060788
903,13.4874574747
910,44.6931847904
917,46.3962943454
924,60.7598653623
931,37.1543216488
938,32.1022916318
945,34.0059943723
952,63.1642771736
959,42.3932663956
966,3.25739621369
973,-1.94942251542
980,53.355975982
987,37.4520472996
994,46.2257962428
1001,38.2881817822
1008,58.1698597979
1015,51.6546341926
1022,59.8718009284
1029,59.4905731786
1036,65.3189667904
1043,41.7538698027
1050,46.4147077438
1057,26.4028313875
1064,-18.4452636353
1071,34.5674653892
1078,19.8823895602
1085,47.1922918871
1092,50.118297228
1099,65.7350103291
1106,46.0351370436
1113,41.8150165253
1120,45.5880081311
1127,41.3436363374
1134,27.2315274193
1141,44.8551089052
1148,58.5732791402
1155,47.5090138602
1162,31.193449495
1169,45.3826841993
1176,48.0722922368
1183,37.4025703492
1190,59.6986949823
1197,56.7860668316
1204,37.0509604059
1211,43.9336550943
1218,37.8980356817
1225,20.6311079331
1232,48.3053991359
1239,39.7047578219
1246,40.7834799884
1253,55.0492738528
1260,44.6638616092
1267,30.6878406865
1274,39.1274873887
1281,42.6848492761
1288,3.29217920347
1295,6.79249012688
1302,14.072099376
1309,48.7957965681
1316,35.987859032
1323,38.2559260638
1330,56.8950483077
1337,52.6129521513
1344,52.0434027653
1351,45.6595784723
1358,54.8264204879
1365,56.8777669201
1372,17.4590566909
1379,26.6835895215
1386,46.8659077192
1393,53.5411354212
1400,39.8211144671
1407,42.2119985829
1414,41.6499818265
1421,39.5647029667
1428,36.130000101
1435,59.3400566853
1442,55.1861590678
1449,17.5268206606
1456,51.0384586991
1463,36.6310061523
1470,33.7006538909
1477,49.7193559399
1484,45.1918497835
1491,45.1933360566
1498,43.7964091768
1505,48.9217278237
1512,19.2353840387
1519,24.1239893745
1526,47.1317421168
1533,39.3874959915
1540,45.0373169504
1547,50.6493425648
1554,41.2801047822
1561,63.2680404288
1568,50.09059262
1575,41.4628318185
1582,45.2335335311
1589,27.18302425
1596,50.8148500921
1603,49.6289243585
1610,37.5411889757
1617,64.1225862203
1624,26.9839987436
1631,48.7918324933
1638,32.381934709
1645,35.7414335795
1652,60.5338066743
1659,16.4484952784
1666,45.0859215229
1673,20.7407008056
1680,17.8103485441
1687,50.1834107335
1694,23.5579641318
1701,42.1199659666
1708,50.7297531954
1715,41.3954049571
1722,41.0377016492
1729,48.2588859998
1736,45.8905342091
1743,45.5829874714
1750,59.3683045122
1757,69.6132087252
1764,-17.3146441712
1771,41.5494381083
1778,54.654779968
1785,63.3272224208
1792,35.0851511767
1799,51.9232616204
1806,58.0160394387
1813,24.818500065
1820,30.0105631754
1827,39.9449552382
1834,50.9956332362
1841,57.0902660267
1848,46.8337367996
1855,49.0888581722
1862,59.3982063799
1869,45.3571768885
1876,26.8705726898
1883,35.6102018017
1890,18.2689580598
1897,17.1676827235
1904,29.9896751805
1911,30.0573143105
1918,14.3061000781
1925,25.9101018369
1932,10.1344642912
1939,13.8878085413
1946,27.2865606814
1953,40.9150646161
1960,39.8605806463
1967,40.7049462246
1974,35.6342379342
1981,19.7509031612
1988,20.1997363759
1995,66.4762735961
2002,69.6368608548
2009,58.1766109898
2016,3.31858521674
2023,20.9153808925
2030,43.0135411043
2037,35.7772866608
2044,45.7136002473
2051,49.9051193819
2058,50.6688751193
2065,45.436940156
2072,31.8229452722
2079,-12.4244873216
2086,58.9769205419
2093,23.6618636612
2100,46.1058625588
2107,55.8808975519
2114,31.6883175568
2121,32.7953684558
2128,31.6586512683
2135,47.5296850351
2142,48.2941847557
2149,40.8896830924
2156,47.2404362484
2163,51.5094584401
2170,46.3026397109
2177,49.2081156075
2184,44.3269321114
2191,28.0615547755
2198,38.2971509736
2205,45.8644193225
2212,66.8821494065
2219,70.241648277
2226,62.2748744285
2233,57.1334131837
2240,44.354077567
2247,31.9511489934
2254,37.4326484144
2261,75.9052292966
2268,49.619972473
2275,53.8263910842
2282,50.1189213249
2289,55.7650074092
2296,55.6550130984
2303,25.6203472486
2310,48.8981864896
2317,51.8942688262
2324,58.6816126044
2331,46.5358067526
2338,39.8371463179
2345,64.247538806
2352,67.5944704103
2359,57.1406857442
2366,53.8346207716
2373,61.2332853145
2380,39.1698844388
2387,55.8650295172
2394,17.5604084244
2401,12.3434689491
2408,19.3707189561
2415,30.9908826793
2422,44.4063094405
2429,33.8319204097
2436,29.657969297
2443,-19.1856834088
2450,52.6701627564
2457,49.029527859
2464,12.0255084455
2471,-10.8524445417
2478,31.3301618334
2485,36.5065729315
2492,33.4539396301
2499,28.9115912191
2506,56.3910013019
2513,22.004982079
2520,51.5366502219
2527,28.1727876183
2534,50.1941912794
2541,32.0384145841
2548,60.1525881524
2555,46.5806106998
2562,34.0647992946
2569,29.3017541039
2576,37.4130759392
2583,40.6316266081
2590,54.7535288591
2597,9.33943264209
2604,3.34764048638
2611,40.2332522001
2618,-9.15770036593
2625,10.0413477608
2632,50.6456447498
2639,26.7201531341
2646,48.3612970662
2653,30.1499558858
2660,-11.7765689143
2667,-11.434211955
2674,47.2331739599
2681,52.9209904903
2688,28.8733685315
2695,8.49397650763
2702,53.126978229
2709,49.825048555
2716,46.7165528533
2723,40.097949371
2730,32.6352033832
2737,34.5524975523
2744,-5.01137605705
2751,43.0142973083
2758,-1.81663484998
2765,27.4184276839
2772,55.4836835944
2779,28.7106321418
2786,41.3055428647
2793,25.3364875041
2800,32.9542969949
2807,21.9155936484
2814,54.3830729803
2821,41.3517836925
2828,-21.4423977899
2835,47.6143965067
2842,30.421248695
2849,60.561736864
2856,21.3567628949
2863,39.8089509011
2870,35.5929705097
2877,25.932878412
2884,8.87769509887
2891,12.2944906769
2898,41.1278877788
2905,42.4752066426
2912,38.6679682917
2919,55.4531973541
2926,36.2468293485
2933,39.7508140349
2940,29.688653174
2947,48.4087958672
2954,47.7512744301
2961,30.7030433601
2968,21.8677339985
2975,37.9839875627
2982,20.6068383714
2989,56.0646281072
2996,37.9906001995
3003,54.0067374993
3010,31.9283207372
3017,47.4381424803
3024,47.6996635756
3031,37.5712593341
3038,6.69927594259
3045,38.8080755805
3052,54.5536564819
3059,62.8094991658
3066,64.0078047087
3073,59.7905163729
3080,15.0713451554
3087,19.8105031318
3094,29.5181220381
3101,41.3946825668
3108,65.2223210776
3115,44.8429290537
3122,63.1926392841
3129,47.6658687879
3136,33.4464816369
3143,43.082776299
3150,37.6394258886
3157,14.3065576907
3164,30.1954957757
3171,32.5764102864
3178,18.668180208
3185,30.6963172822
3192,0.715991819782
3199,35.0105907898
3206,22.5380651401
3213,37.5615329897
3220,25.8329163079
3227,51.6095413112
3234,47.1671400675
3241,14.2024041534
3248,10.5446232961
3255,4.76057615821
3262,31.6243405307
3269,40.0487619569
3276,38.0134100765
3283,45.2774801953
3290,1.01195981451
3297,7.63540623801
3304,52.1270162426
3311,40.4401970883
3318,49.2455819279
3325,-4.63767711935
3332,48.5625205203
3339,41.6640025246
3346,32.0780078592
3353,15.5956753079
3360,74.0810093206
3367,28.5229943966
3374,29.2414279535
3381,22.3781612782
3388,72.7893899021
3395,27.047597875
3402,15.8507239705
3409,34.8874111637
3416,33.6891746296
3423,21.6557736753
3430,21.6557736753
3437,21.6557736753
3444,31.3890950128
3451,-16.44906774
3458,33.8884011682
3465,22.9988614432
3472,29.1189168923
3479,71.4190689769
3486,31.6318730347
3493,68.2820788216
3500,51.3740182095
3507,55.9847019491
3514,36.5103039796
3521,21.8041624975
3528,37.300890518
3535,36.6602668227
3542,-16.6840283952
3549,52.4952620448
3556,32.8207791778
3563,12.4346101959
3570,26.0277127301
3577,27.6319696889
3584,-16.783896455
3591,44.5768817009
3598,25.8466965956
3605,48.5437848416
3612,62.0780725818
3619,53.5725935791
3626,36.9208254145
3633,25.2735994983
3640,18.1931836706
3647,25.0155017234
3654,26.7033271623
3661,20.5054932377
3668,3.17919596846
3675,38.10884678
3682,28.501165626
3689,46.3767995593
3696,65.4231100348
3703,-5.49648949801
3710,40.4481328522
3717,50.9435091707
3724,43.94868382
3731,-14.6498894348
3738,26.85015236
3745,31.8547246499
3752,30.3840290019
3759,68.9973757439
3766,72.1469699391
3773,19.6670429033
3780,26.4267670068
3787,48.9173043506
3794,48.3819423875
3801,48.4425642332
3808,47.2939643128
3815,16.2311106691
3822,48.0789113479
3829,47.2441341027
3836,36.2821360691
3843,33.2705739603
3850,1.2119428056
3857,18.3366552381
3864,20.6131138844
3871,38.8116669549
3878,27.4528289042
3885,18.1311330226
3892,21.2752610545
3899,33.7519764565
3906,41.0431492764
3913,-8.2656433981
3920,62.9788194765
3927,58.5517021654
3934,47.8369864818
3941,40.1367147551
3948,35.1152694713
3955,51.6791652098
3962,44.2833758662
3969,28.4356691408
3976,14.1400624058
3983,16.3775222725
3990,38.1140522299
3997,23.702118912
4004,9.06285229568
4011,0.153972281647
4018,66.5437678249
4025,15.3640247278
4032,41.7509993496
4039,25.6901755433
4046,41.2671368172
4053,38.3216715862
4060,41.4020977422
4067,37.1236736102
4074,-7.99133464103
4081,0.34441507957
4088,-1.32739807794
4095,-18.1115402836
4102,48.5353132531
4109,22.9465885636
4116,33.528546646
4123,48.5482375182
4130,26.7432519925
4137,52.3864505674
4144,36.9337025688
4151,28.9425459228
4158,52.1724932412
4165,40.3334144051
4172,45.7230753967
4179,52.9851888267
4186,39.7097568949
4193,45.236900082
4200,6.83255167272
4207,20.1232504661
4214,38.022322902
4221,15.2746702355
4228,28.359904006
4235,12.5560222003
4242,42.7761659419
4249,18.9653882563
4256,53.1097067549
4263,69.9829802157
4270,46.5590578785
4277,38.6592494032
4284,32.6086156342
4291,31.5235892422
4298,35.2703515118
4305,29.7054674003
4312,73.4004114965
4319,20.8479737216
4326,33.3972829674
4333,73.1054757436
4340,55.1517066432
4347,64.4923074649
4354,63.8781202553
4361,46.8328755401
4368,82.4967298154
4375,44.0402591587
4382,38.5022444647
4389,46.1311416166
4396,45.5151828908
4403,14.0388461566
4410,81.0979194679
4417,50.0300756667
4424,-13.9799189609
4431,3.12273232433
4438,11.6653825662
4445,32.1463548613
4452,28.315502887
4459,46.5880673112
4466,37.108903446
4473,7.39579345213
4480,47.1669882533
4487,22.872193894
4494,38.896136035
4501,48.5564797131
4508,52.229125505
4515,47.1344407277
4522,33.9570786729
4529,-9.4973583972
4536,7.87135986194
4543,-16.3735386668
4550,9.54752229349
4557,50.041682215
4564,29.6172433681
4571,46.6406780601
4578,50.8275082355
4585,51.9088628092
4592,45.1116981905
4599,53.5200191197
4606,-24.6994016953
4613,46.012264633
4620,44.6912771763
4627,32.659147105
4634,65.323649499
4641,-7.15248084741
4648,-3.54407841285
4655,38.5830585475
4662,49.370066356
4669,-7.48967369322
4676,39.218358472
4683,55.7980316035
4690,55.714227971
4697,40.9265945861
4704,37.9750633101
4711,23.738717244
4718,37.5277017781
4725,50.0825314993
4732,38.6386677387
4739,40.3665934728
4746,1.87652100506
4753,61.4613188413
4760,52.4057760939
4767,63.8900868035
4774,42.2399946038
4781,57.7927410177
4788,58.8208778053
4795,34.1024883055
4802,63.6483882727
4809,6.41583130085
4816,31.4536504651
4823,28.8164766407
4830,46.1191807579
4837,45.2672503145
4844,55.3744536834
4851,32.8337637402
4858,24.4367778808
4865,36.5245526685
4872,61.5921955022
4879,45.6691499432
4886,44.8924234949
4893,15.8833767415
4900,14.9358343556
4907,36.0085769074
4914,34.0003588834
4921,29.760519294
4928,18.9723919901
4935,29.2879139687
4942,43.1248362202
4949,19.6780313008
4956,34.9531870714
4963,42.2153005013
4970,30.3397692828
4977,25.1997599291
4984,16.1539583246
4991,38.8036117181
4998,11.4494491174
5005,3.84513779176
5012,37.7236942068
5019,30.209481144
5026,25.8572318339
5033,32.3903490344
5040,35.2762431643
5047,29.0161364572
5054,25.8572318339
5061,58.2715378167
5068,18.2918793619
5075,22.550414702
5082,23.4352396024
5089,60.1063246251
5096,21.8337815359
5103,34.7475546172
5110,7.63550956427
5117,33.8557028285
5124,36.2918992314
5131,49.9329092523
5138,20.2088155138
5145,39.2675676753
5152,35.6228197495
5159,56.2234439406
5166,34.5382395022
5173,37.1944593195
5180,20.1154241365
5187,36.9103918189
5194,50.7697636074
5201,18.637254193
5208,9.85848773806
5215,37.8398979661
5222,40.7235924424
5229,-3.06065821581
5236,28.381728488
5243,40.535527545
5250,36.109765668
5257,47.2616448895
5264,45.9633976221
5271,45.9293606973
5278,30.0020689364
5285,30.2886315335
5292,15.9010316653
5299,39.3389020612
5306,40.4083531576
5313,37.4663845558
5320,6.85127707813
5327,22.8216119263
5334,14.3200670827
5341,27.2967959322
5348,23.1648319875
5355,35.3086798035
5362,4.95469948589
5369,31.955972496
5376,20.2743738498
5383,2.33819707405
5390,10.68908712
5397,24.1681668598
5404,25.3913998589
5411,12.7243030992
5418,22.7177848785
5425,33.5350211715
5432,20.1139847918
5439,40.9268174102
5446,7.91632296654
5453,7.91632296654
5460,-3.77228598052
5467,-8.17218356316
5474,-0.54191943399
5481,-1.33631818098
5488,28.8043568489
5495,35.4796192558
5502,39.7500955934
5509,72.2180162513
5516,68.2846343192
5523,61.6027569248
5530,47.9980530913
5537,51.2785575616
5544,18.8787748836
5551,43.9645253407
5558,28.823384553
5565,29.1805998073
5572,13.6183628914
5579,38.5916605223
5586,39.3001309435
5593,53.4672855702
5600,45.9140257716
5607,62.0259428271
5614,39.4321839988
5621,70.5842378419
5628,46.1133496816
5635,53.9454039359
5642,30.2065916256
5649,26.3119293
5656,26.9025866434
5663,51.5291974842
5670,28.1367507462
5677,38.0827601894
5684,13.7578950921
5691,46.9741894153
5698,-18.6338945782
5705,40.0076934713
5712,57.6853281808
5719,35.1789809221
5726,51.4025283425
5733,60.0134524269
5740,50.791501234
5747,59.5783100145
5754,40.7161459773
5761,40.5233940085
5768,42.7504087951
5775,2.59990950576
5782,31.5227841666
5789,33.2076790081
5796,36.2243172592
5803,41.7568392281
5810,44.3430543585
5817,52.2331736648
5824,46.2945184689
5831,5.3228564737
5838,35.6175292226
5845,35.2077308554
5852,36.5368164986
5859,35.3668190187
5866,36.7663325777
5873,15.1563106814
5880,36.9993334922
5887,36.3055484704
5894,18.7668838746
5901,30.5469929094
5908,35.2688019033
5915,39.7938371802
5922,33.7926303069
5929,60.7481239202
5936,57.4016508624
5943,47.6685446881
5950,-6.88466030212
5957,34.0668276943
5964,44.8205244542
5971,14.4195367165
5978,43.4280765547
5985,44.4158480004
5992,19.6022982717
5999,66.734084464
6006,40.0952972393
6013,47.4878659311
6020,36.3093254815
6027,51.3647398318
6034,58.1870413582
6041,50.6121825578
6048,28.945506092
6055,27.178660852
6062,62.5168085634
6069,21.2510773246
6076,49.5075793632
6083,16.5729533898
6090,53.6005091962
6097,-6.3389301552
6104,41.1909675514
6111,60.3189218322
6118,53.5599431311
6125,55.9730087378
6132,41.5541866339
6139,-10.8794945501
6146,-6.52425712822
6153,-10.2057382137
6160,-16.6631011635
6167,62.3952010297
6174,45.1111144735
6181,5.19835561096
6188,19.7250547066
6195,54.8465539752
6202,33.5296807495
6209,41.0561735768
6216,17.2597040801
6223,-3.55045961996
6230,32.9030083364
6237,50.2186960563
6244,35.413893901
6251,43.2131334229
6258,30.4469824704
6265,41.2959643954
6272,-4.98432377119
6279,48.3083454262
6286,56.8390869663
6293,46.5647507707
6300,48.4036568735
6307,37.566696733
6314,42.978675227
6321,46.376474345
6328,50.5478763999
6335,57.2670234204
6342,36.5821153516
6349,42.6784318272
6356,44.7949539047
6363,38.3850383467
6370,61.1289968676
6377,57.2996371178
6384,41.0680037694
6391,39.6133604206
6398,46.3027256963
6405,22.1327278702
6412,2.46026683595
6419,6.34229411499
6426,52.9539430675
6433,58.4085358844
6440,45.5829344106
6447,51.2938755021
6454,3.7700227564
6461,35.6219420825
6468,52.9900284043
6475,46.2893969626
6482,57.1015722766
6489,46.2210386013
6496,46.8021433986
6503,32.8668735106
6510,48.869248525
6517,41.5347789542
6524,47.4667299969
6531,53.7633425344
6538,61.7047488774
6545,20.1540519928
6552,21.042007124
6559,34.2865184195
6566,55.0715459528
6573,31.4891577266
6580,42.6696361275
6587,54.4537865758
6594,36.2808482954
6601,45.4508151768
6608,55.7098377205
6615,52.8004339326
6622,48.5709478582
6629,36.3144137015
6636,39.8737446991
6643,54.8099656593
6650,61.4249264703
6657,56.4231448991
6664,46.3703061879
6671,30.98450603
6678,62.8371290934
6685,52.7102744413
6692,34.598288281
6699,53.2476811958
6706,34.4958298253
6713,51.9955608469
6720,41.5681108955
6727,46.2736283906
6734,43.1494352584
6741,42.9227425998
6748,41.6410986129
6755,49.0612727041
6762,56.1630858793
6769,57.0381485485
6776,51.8783579893
6783,56.8307718663
6790,-9.37778408864
6797,34.3288437448
6804,43.0227581173
6811,-9.48000757904
6818,38.7409293137
6825,33.776765177
6832,18.7287795029
6839,-1.58297339103
6846,47.2079300108
6853,56.0804580261
6860,2.4915282571
6867,-1.08603102218
6874,17.2673748143
6881,58.2108371811
6888,21.1317466311
6895,53.1186396084
6902,64.4249174195
6909,24.6229659907
6916,61.5446125037
6923,16.2182004658
6930,24.2681027462
6937,42.2972096487
6944,39.024785772
6951,53.1424424793
6958,51.5611135729
6965,38.4310856061
6972,24.7899517947
6979,32.0487588752
6986,55.6727695429
6993,23.3232432514
7000,-0.338983878954
7007,45.8836412593
7014,76.3852577949
7021,43.8291832934
7028,49.8568012818
7035,55.9964400873
7042,60.919182931
7049,45.8643992726
7056,37.7666084171
7063,56.849407055
7070,19.8536208716
7077,18.5175870265
7084,32.2825177826
7091,24.118291805
7098,33.9340062293
7105,36.2543394566
7112,36.1378344707
7119,50.5383686608
7126,31.4006213999
7133,7.46523838038
7140,55.0803365695
7147,49.8771271308
7154,50.7561151007
7161,59.4087100832
7168,54.3036101212
7175,13.0094541475
7182,67.0626260005
7189,42.6915392057
7196,22.8981556409
7203,44.061789424
7210,75.5347526912
7217,80.4718898926
7224,53.3392396095
7231,43.7256814594
7238,56.557602133
7245,63.4568991522
7252,56.2998232709
7259,28.4491824341
7266,20.9166866472
7273,49.5403435304
7280,65.7099191434
7287,46.9123766202
7294,17.5957157492
7301,53.4004185791
7308,53.9401628544
7315,29.9123135845
7322,65.0284552962
7329,57.7230498424
7336,53.5757300078
7343,60.9398248903
7350,63.3621200173
7357,53.3760302925
7364,58.8964257766
7371,76.4755654088
7378,33.447736232
7385,35.2976226639
7392,87.8170553947
7399,66.7413246556
7406,39.6454459101
7413,41.3487570617
7420,36.2097498955
7427,69.730151586
7434,50.1926494375
7441,49.3879190197
7448,43.3161409447
7455,42.2269514251
7462,42.1813881009
7469,48.4467524396
7476,37.085544826
7483,24.1643644437
7490,22.4506784207
7497,75.7554448458
7504,63.1044235653
7511,63.9505390916
7518,34.4408739596
7525,52.9782352025
7532,33.4203222324
7539,58.7274603232
7546,43.5567980677
7553,55.9390147064
7560,22.0976799091
7567,48.6861442318
7574,25.6180526567
7581,54.3727025189
7588,53.3258973303
7595,58.5968637052
7602,50.689988276
7609,37.6330222541
7616,44.1393838819
7623,58.2640851844
7630,51.2092454405
7637,54.2085141857
7644,40.359680017
7651,25.2578667622
7658,18.1425854534
7665,57.7192047185
7672,31.0079436066
7679,50.5945055318
7686,58.5699863474
7693,49.459752688
7700,50.0890609664
7707,30.3617689205
7714,55.2178506802
7721,64.2994071012
7728,51.0549311222
7735,54.452018491
7742,56.7822910101
7749,58.8463584323
7756,63.1547701421
7763,61.7921793408
7770,54.8646011743
7777,58.8644784165
7784,52.8760261977
7791,51.1556270411
7798,62.3663609318
7805,40.7787663868
7812,66.1631516552
7819,53.8098341487
7826,63.4630168348
7833,61.4268300413
7840,41.7599782214
7847,30.130835415
7854,43.9179948993
7861,50.8797216053
7868,52.710330198
7875,65.4701804864
7882,65.6713421884
7889,72.7336802941
7896,72.558627178
7903,63.3461716651
7910,62.4397929588
7917,68.6960523586
7924,56.4351443256
7931,69.42714213
7938,49.8895517155
7945,49.7530543988
7952,63.9194641582
7959,56.6683349927
7966,47.3186551915
7973,36.6499485784
7980,6.16083729441
7987,59.5312913257
7994,51.8470294653
8001,46.4545913659
8008,-2.89387469432
8015,48.0550002835
8022,45.0023669821
8029,43.7580815372
8036,43.5252342079
8043,30.8668248709
8050,25.682406237
8057,41.5389656857
8064,76.7098106647
8071,37.7561783782
8078,45.4160277581
8085,53.5570310539
8092,38.3927047374
8099,54.6913741556
8106,33.89425602
8113,51.1192617928
8120,32.0367405209
8127,51.1010702914
8134,57.2317184721
8141,50.303293035
8148,28.4221312243
8155,29.0072446214
8162,33.1611422389
8169,58.0033448872
8176,51.7633637179
8183,42.6508495018
8190,48.8546209541
8197,48.4861009347
8204,45.9503258842
8211,31.2559201612
8218,24.4924610421
8225,51.7133775667
8232,54.9578093253
8239,22.8862669361
8246,-20.2297491124
8253,37.3796499159
8260,38.5085687725
8267,65.850869258
8274,36.2477177361
8281,36.3357600629
8288,64.7542336076
8295,57.1250931622
8302,45.2846145902
8309,55.8641291033
8316,31.9810254802
8323,27.1733059663
8330,22.4065388125
8337,65.5636530085
8344,48.3842858964
8351,39.2104767509
8358,58.3958050094
8365,57.1532879169
8372,41.3644610115
8379,20.2083425393
8386,55.2139902669
8393,55.8062172266
8400,54.8218943839
8407,61.9109284145
8414,28.0723444266
8421,-0.0393842396299
8428,40.5777409451
8435,60.2532824008
8442,58.3002112701
8449,69.2154266967
8456,67.2066403083
8463,69.970388161
8470,89.617403761
8477,74.214333151
8484,40.4028734141
8491,39.8170090613
8498,60.4668893004
8505,54.0271084254
8512,51.5478781632
8519,43.5732685123
8526,46.4813562621
8533,26.4748604203
8540,-9.07703108423
8547,-29.5632799528
8554,62.0895943114
8561,25.3628435713
8568,33.882406997
8575,34.8732453347
8582,43.2002634025
8589,57.8235952476
8596,55.0220180416
8603,46.0562326543
8610,34.9548013094
8617,30.2811840274
8624,40.1005678143
8631,54.719205011
8638,58.4504483231
8645,58.7083828744
8652,49.6001959598
8659,63.2825394677
8666,75.593962281
8673,52.9501250458
8680,60.9322476942
8687,69.7256802976
8694,53.2441202218
8701,48.7762832801
8708,48.1952164656
8715,57.5768469197
8722,44.7313792762
8729,42.0256717588
8736,30.7605197835
8743,38.9802118749
8750,32.9765867587
8757,55.839705282
8764,41.1359381288
8771,66.7031000362
8778,53.9493913997
8785,54.756278766
8792,53.2816114815
8799,18.8048726132
8806,27.5103594355
8813,28.0620849836
8820,50.3808923668
8827,46.6210295498
8834,45.8274828898
8841,54.7112348669
8848,45.0981343907
8855,51.3003610883
8862,24.2752912772
8869,59.2985560964
8876,58.9381963498
8883,49.3864343997
8890,39.0009256412
8897,43.8743057548
8904,15.3171532026
8911,40.3965259138
8918,38.1848028036
8925,57.3625132751
8932,35.1991103006
8939,53.6380186028
8946,40.0636828948
8953,36.8587969573
8960,33.9753794391
8967,62.4302890914
8974,52.1686271577
8981,65.9545642349
8988,67.4645070512
8995,31.2789809207
9002,37.2476957891
9009,50.9426880831
9016,45.0903222649
9023,57.1874988759
9030,43.9647343063
9037,42.2069047467
9044,49.7971304967
9051,8.35716669996
9058,42.6392377811
9065,23.4717748339
9072,49.8667541266
9079,54.6926960081
9086,49.8606891427
9093,49.4706974068
9100,46.0533215955
9107,38.2039617435
9114,41.9180684567
9121,4.23038571523
9128,55.4914711332
9135,28.0730714206
9142,48.629582756
9149,56.7474541579
9156,15.3369011464
9163,26.0227219597
9170,44.5059362229
9177,49.9909394659
9184,49.3383444309
9191,29.4154839379
9198,40.3026090392
9205,-10.3262996597
9212,52.3540056628
9219,65.8183515383
9226,39.4425952082
9233,57.3421035182
9240,67.8184647772
9247,29.6606098425
9254,33.3269759207
9261,53.8988568017
9268,47.8364108032
9275,69.3371630086
9282,29.5069562317
9289,29.1813209875
9296,22.8394802867
9303,22.8394802867
9310,39.5832165876
9317,22.8394802867
9324,-0.32098747449
9331,50.0668445368
9338,63.6509707152
9345,66.3078347168
9352,52.6492467158
9359,60.6645043674
9366,64.6028794565
9373,63.7981490387
9380,33.9615369512
9387,65.0607339095
9394,56.8734977922
9401,61.8393475505
9408,45.5371883383
9415,62.2538616031
9422,41.0521280981
9429,28.8254365367
9436,34.6122423725
9443,41.0652132895
9450,36.2385681487
9457,12.1139862368
9464,8.56649121633
9471,10.1254112602
9478,65.5130385945
9485,44.9035090168
9492,26.1786704266
9499,45.8214574542
9506,46.23259466
9513,34.4542107898
9520,30.5670702217
9527,43.5190211908
9534,21.7783015963
9541,52.1567095416
9548,48.3015101413
9555,73.671690197
9562,43.9580183465
9569,49.1657013183
9576,63.2668795493
9583,57.8014527931
9590,53.7292422549
9597,37.9589439325
9604,54.1549821293
9611,38.7200905476
9618,69.4750845778
9625,56.6524593029
9632,55.7376522217
9639,44.8269942181
9646,46.8800705495
9653,43.570139392
9660,40.3832422486
9667,31.1022571607
9674,30.7731969307
9681,50.5826769023
9688,19.4325200688
9695,49.9954554364
9702,60.4667818957
9709,29.8848641134
9716,31.6146117188
9723,35.8760106383
9730,40.4497694373
9737,11.2352196949
9744,61.4302928497
9751,68.1347631794
9758,44.048316087
9765,67.8956553636
9772,79.3623901419
9779,33.6773861291
9786,0.908745483193
9793,74.8953524962
9800,85.0971513137
9807,61.8701239225
9814,47.4587852704
9821,48.0530167609
9828,53.7299702023
9835,57.31638326
9842,33.6253612211
9849,27.8556341248
9856,9.8986867624
9863,51.2710333454
9870,65.0596331258
9877,52.877708187
9884,63.2097416485
9891,52.8707282334
9898,52.1714302496
9905,60.4968907711
9912,31.5729086014
9919,24.4224454416
9926,29.5822360009
9933,41.1322377856
9940,44.680492787
9947,48.9966757751
9954,19.0395634217
9961,17.0236907716
9968,67.2680008138
9975,47.6263669317
9982,24.3259450952
9989,56.7327638263
9996,69.3289829785
10003,57.9956957421
10010,54.7191382981
10017,53.3565474969
10024,57.3019107203
10031,86.5402208825
10038,39.8564045492
10045,50.5707241775
10052,44.5288653086
10059,20.8435388036
10066,38.8898750417
10073,57.2260112418
10080,48.5666461304
10087,36.1478838884
10094,22.8403417032
10101,59.847567701
10108,51.1138056165
10115,65.273998775
10122,28.422218206
10129,39.3433907415
10136,36.1411695224
10143,53.1668084721
10150,61.9718917346
10157,44.4530820595
10164,33.9746042096
10171,48.4140637213
10178,63.715560911
10185,69.5162475461
10192,72.2890611656
10199,39.0290119017
10206,38.5125729354
10213,47.5329698809
10220,57.8534910552
10227,58.4195042406
10234,55.0502021396
10241,60.5771636104
10248,58.2665026293
10255,41.8522689982
10262,39.2149533681
10269,41.7025850849
10276,48.1866962055
10283,-7.65219388493
10290,62.07352355
10297,59.2809174172
10304,43.2443897222
10311,47.2520224039
10318,54.0621330253
10325,66.9910842748
10332,25.720331749
10339,18.5034967821
10346,28.539294084
10353,16.5914249121
10360,-1.64530198475
10367,18.7164640404
10374,14.5110947728
10381,35.6771675113
10388,39.0939630893
10395,34.9501926441
10402,39.398903101
10409,33.8985482092
10416,63.5229758982
10423,51.2161979893
10430,56.1345582929
10437,56.7487199582
10444,67.325104666
10451,36.3087151427
10458,27.0071598927
10465,29.1906955609
10472,38.2446770859
10479,49.258084212
10486,37.5224966876
10493,53.8329804026
10500,46.8577826383
10507,49.7231669688
10514,52.8501463342
10521,55.9207997699
10528,54.9473798554
10535,47.2459872175
10542,47.7864122608
10549,23.5566074862
10556,40.8772341886
10563,48.5775059152
10570,44.2723554843
10577,20.3104026463
10584,30.7337660651
10591,50.2384384467
10598,43.8350039707
10605,59.0790853757
10612,62.8279717748
10619,55.712690466
10626,53.3819915665
10633,23.146467885
10640,31.1085300746
10647,57.9535827641
10654,37.8093739724
10661,62.1694126605
10668,69.6553562188
10675,41.8818071945
10682,49.6323165427
10689,64.6209013888
10696,33.5126651014
10703,37.6601856835
10710,51.2864649626
10717,26.3822036163
10724,66.2275283977
10731,49.3397244664
10738,48.9923357558
10745,41.9398252122
10752,53.7776020706
10759,26.9148424448
10766,61.2834054853
10773,54.9655208362
10780,45.7129830405
10787,48.9264300105
10794,49.5577345958
10801,43.9075596974
10808,6.60999403192
10815,17.8898053322
10822,67.1634821109
10829,47.6389750337
10836,38.2524576753
10843,70.7896320781
10850,53.6016503525
10857,52.6377676686
10864,44.5028288053
10871,59.278603794
10878,60.5098351671
10885,69.5178693247
10892,53.6288813972
10899,45.2504044828
10906,67.7630845234
10913,31.3702395361
10920,48.3504149605
10927,54.253831695
10934,32.9986778451
10941,74.7427566111
10948,60.8753200661
10955,58.4173094998
10962,60.5024299715
10969,34.0155734535
10976,53.2125359225
10983,50.9918934081
10990,46.0725905351
10997,16.3106700882
11004,17.795933169
11011,52.2422160172
11018,27.5067489243
11025,13.200603655
11032,28.599530594
11039,31.3498259821
11046,39.073467268
11053,57.5593953626
11060,58.4677785359
11067,59.8511861044
11074,72.5218178807
11081,56.5003003136
11088,60.1555929679
11095,58.3857561969
11102,59.4023274325
11109,52.6633523013
11116,62.8583180435
11123,61.2939552789
11130,41.6283685121
11137,35.3433796696
11144,46.9655210495
11151,50.0798311356
11158,65.764963046
11165,65.7975300824
11172,46.7836830426
11179,74.5886673756
11186,69.2050773757
11193,50.7826960052
11200,48.8085905722
11207,44.8418194822
11214,45.5487504718
11221,40.81266571
11228,51.8875826336
11235,52.37713889
11242,40.9074238003
11249,16.4264981819
11256,34.9433254571
11263,26.4940473468
11270,41.1543116703
11277,51.0424374326
11284,24.7353764978
11291,65.9699049141
11298,47.6744643384
11305,57.7621820523
11312,16.1389459291
11319,27.5647082564
11326,50.8474813957
11333,42.0368927686
11340,53.5287686067
11347,57.6996716945
11354,66.4152187044
11361,62.6670709093
11368,60.5735185814
11375,46.9109378109
11382,57.356338085
11389,44.3606160214
11396,48.7936521133
11403,51.1510706085
11410,63.8235656935
11417,48.0692040084
11424,64.9885075121
11431,71.4783914351
11438,66.6977880816
11445,31.5306975938
11452,54.8342911374
11459,49.7771718263
11466,59.620137305
11473,59.1136019881
11480,65.8781333358
11487,74.642181198
11494,58.1005426204
11501,70.1642341481
11508,32.0929868613
11515,26.2955649076
11522,36.4485590914
11529,59.7677740607
11536,66.7598391666
11543,29.8018400994
11550,59.9379435687
11557,64.540568277
11564,69.0194999897
11571,72.7419296632
11578,37.5122407395
11585,31.3000382183
11592,57.009640709
11599,66.2736471943
11606,47.5920406182
11613,49.1818815899
11620,46.7149218436
11627,48.2505820954
11634,31.7044962847
11641,22.7373767251
11648,-8.46315809924
11655,49.9280565613
11662,54.2848494172
11669,20.2303142316
11676,30.4672466872
11683,54.6790425082
11690,41.246835719
11697,53.9485029295
11704,60.2507131577
11711,36.5059778756
11718,43.7694975902
11725,30.2479560434
11732,53.3132441887
11739,35.5676027416
11746,18.7785592255
11753,57.0447350658
11760,34.397462653
11767,54.4983294784
11774,38.2937158884
11781,43.1536924085
11788,48.6410948378
11795,10.6811464298
11802,38.4236288924
11809,49.6003907554
11816,45.8387987887
11823,47.9082264829
11830,56.3004281676
11837,44.6779137928
11844,50.8591916476
11851,-13.6979401111
11858,54.3888916123
11865,47.2803494615
11872,53.3242977237
11879,62.5852086516
11886,46.0602351083
11893,39.3423393135
11900,63.1644746006
11907,63.213411328
11914,35.0673408835
11921,46.7162528761
11928,53.1355911114
11935,31.200552738
11942,48.4163360238
11949,59.7898170296
11956,41.3530596473
11963,65.1534055952
11970,49.5763598313
11977,60.6988327624
11984,63.5177950974
11991,53.7612683124
11998,24.6636611508
12005,40.6075419216
12012,41.5318517243
12019,67.9914791782
12026,55.891238567
12033,43.3223539861
12040,47.4829437364
12047,44.3155931916
12054,49.3866464769
12061,22.949654095
12068,53.2168729244
12075,27.1664063609
12082,52.2910246357
12089,66.2746744842
12096,48.6467563787
12103,61.3099568926
12110,52.4787320299
12117,52.5659224938
12124,91.5340550934
12131,51.2977243301
12138,30.6151328512
12145,37.9612361552
12152,49.2743359792
12159,70.9591638837
12166,80.8987555388
12173,45.6382272466
12180,74.4784092621
12187,45.4769247992
12194,39.7098422188
12201,37.8596008912
12208,13.0356986088
12215,32.5898328806
12222,30.5739602305
12229,32.4314581553
12236,45.2855258377
12243,49.888150546
12250,58.3766489979
12257,53.9961437416
12264,41.1226062797
12271,45.5824859834
12278,24.1122407831
12285,23.5088669529
12292,54.0022305071
12299,49.8014216981
12306,23.9541133417
12313,52.7934482872
12320,41.0283069248
12327,31.6063174977
12334,54.5426730388
12341,33.8840568015
12348,62.8465108174
12355,52.6393754897
12362,60.6197291792
12369,50.7202046722
12376,57.1867247505
12383,33.9933023963
12390,54.4385026224
12397,45.1781807388
12404,47.7609531609
12411,54.6116505598
12418,38.2329082475
12425,55.4710266261
12432,55.6600972502
12439,76.1596220908
12446,19.2965695739
12453,51.0925535018
12460,52.8057093168
12467,47.8526756722
12474,31.9275197475
12481,10.9422023406
12488,41.1630179437
12495,52.8222245498
12502,46.3575021479
12509,61.465470389
12516,39.7227832209
12523,57.132533907
12530,46.1252094319
12537,36.9929346408
12544,26.7256547797
12551,31.4783642173
12558,26.8160951909
12565,30.6017395657
12572,48.8207867043
12579,17.5856932029
12586,47.1191671216
12593,9.88062448526
12600,45.8907560073
12607,40.5557595156
12614,60.5079151057
12621,-8.93823987925
12628,54.9423867731
12635,47.9703211962
12642,63.9057148916
12649,54.9251470104
12656,52.4662737955
12663,30.247535968
12670,28.436957986
12677,20.4993435254
12684,62.4179847762
12691,42.6600558426
12698,63.3409015332
12705,45.0863365787
12712,42.629377685
12719,36.7649789673
12726,26.0910388016
12733,48.0683124799
12740,83.2331101114
12747,39.8831875278
12754,40.631272602
12761,4.98324532871
12768,6.18657746905
12775,20.6357953094
12782,63.7851115547
12789,36.0482285629
12796,50.7560737296
12803,53.0228241417
12810,24.5741681214
12817,30.5402510839
12824,63.076396978
12831,22.8260022566
12838,50.1901562191
12845,62.5959478909
12852,53.9944267924
12859,49.332431704
12866,30.4833762653
12873,59.7819353843
12880,50.2730444619
12887,43.479827753
12894,47.8350034765
12901,50.775877046
12908,40.2116987743
12915,35.069735752
12922,41.6804819104
12929,48.4487369962
12936,32.3204241584
12943,20.6756333443
12950,50.1559936429
12957,41.8429152946
12964,27.698487152
12971,33.4201672555
12978,24.9312519939
12985,30.0067069933
12992,13.6233532362
12999,32.5013717386
13006,12.1143556643
13013,38.2080683796
13020,33.20167742
13027,39.3020369753
13034,43.4229599975
13041,36.9463510822
13048,28.4020298437
13055,63.9689258155
13062,38.4714969922
13069,32.2540722248
13076,46.7213571325
13083,40.1816665555
13090,51.3752724441
13097,35.2729527739
13104,48.6972649226
13111,57.4770327849
13118,2.02450107153
13125,48.5441625266
13132,34.4511071942
13139,46.733769715
13146,42.3628615793
13153,48.6913716963
13160,35.8553751967
13167,33.9316342612
13174,28.6968754531
13181,43.2757858061
13188,29.846593123
13195,34.4178360801
13202,52.7785652591
13209,41.0603143993
13216,50.4928007998
13223,13.2043641072
13230,8.46715103643
13237,50.7429700611
13244,46.9276067893
13251,30.5655154503
13258,36.9849026245
13265,-14.9016703043
13272,45.7504335511
13279,36.9532663142
13286,18.850204083
13293,23.9067834116
13300,23.0505614843
13307,14.4597697998
13314,43.003636
13321,50.1527709521
13328,49.1650038698
13335,41.2122976381
13342,37.9305319358
13349,7.81337890607
13356,52.6306751523
13363,37.8449626085
13370,27.5419268261
13377,43.6074635829
13384,49.7807903785
13391,-7.51271325107
13398,-9.97741911589
13405,27.830637099
13412,31.8959655851
13419,41.3445204697
13426,49.2001957238
13433,41.1511521344
13440,41.8825576144
13447,37.695727439
13454,37.4343997269
13461,46.4244004142
13468,36.9440229301
13475,42.424523172
13482,32.9255286395
13489,43.4518408725
13496,41.8401109573
13503,55.0423147081
13510,48.2188121344
13517,49.646307036
13524,45.7841007281
13531,42.4850225485
13538,67.1485296762
13545,44.9189470181
13552,38.9165958847
13559,42.6017257067
13566,54.6010906391
13573,46.5564554348
13580,38.1534680498
13587,33.3048645342
13594,62.4942573355
13601,62.375997848
13608,39.9703957178
13615,31.2151346887
13622,37.5011997542
13629,17.3003042882
13636,28.5311317155
13643,38.5005716231
13650,58.4964729314
13657,30.3998118887
13664,27.4368855325
13671,17.0286722441
13678,24.7661399271
13685,42.6562409601
13692,49.024564384
13699,40.2702506344
13706,54.2912511855
13713,27.823847944
13720,57.9519483537
13727,42.2116620254
13734,28.0532019812
13741,49.619652004
13748,10.1561436844
13755,55.992711289
13762,-12.9653271124
13769,43.8793985003
13776,31.8993606631
13783,53.6848312303
13790,37.2124417474
13797,58.415988689
13804,51.8240257436
13811,50.520856136
13818,45.8045852673
13825,48.3291286517
13832,42.5450815137
13839,20.1890940632
13846,46.1545531877
13853,28.4364692017
13860,15.9124959084
13867,43.8581524043
13874,45.1436603295
13881,23.2989644979
13888,64.8432051576
13895,29.5627715814
13902,3.01818904318
13909,23.7865463111
13916,25.8703656291
13923,31.2020791071
13930,38.4396944328
13937,42.6638498159
13944,28.6826637794
13951,41.3951289879
13958,52.5208257708
13965,47.5810572502
13972,42.9461404854
13979,39.8255919653
13986,27.8502732328
13993,-1.29804142088
14000,49.7203255152
14007,44.1775134162
14014,39.8722525165
14021,39.008322906
14028,39.7635017221
14035,32.068976032
14042,15.6133219826
14049,19.4216540677
14056,21.4030894957
14063,27.3235403008
14070,15.8291653317
14077,42.2463917844
14084,27.9297782066
14091,43.3001663105
14098,41.019303655
14105,38.1787396242
14112,8.48141500951
14119,26.7923878332
14126,32.0350496617
14133,10.4036641875
14140,49.5030615943
14147,46.862602389
14154,46.8670003618
14161,31.5719170858
14168,33.7006665339
14175,21.0310852644
14182,57.6304878569
14189,9.30470841351
14196,17.5954527997
14203,18.0560466162
14210,24.3976649962
14217,29.8412803677
14224,17.2577897911
14231,28.9940000307
14238,21.9224328548
14245,11.7635950166
14252,22.2819933133
14259,32.8810437019
14266,60.1281003097
14273,53.0451741961
14280,65.2400467344
14287,63.0827712389
14294,46.1636608442
14301,47.8084968845
14308,64.6320738222
14315,50.0836819211
14322,55.6897649287
14329,65.4086421036
14336,43.6150852986
14343,55.9907877126
14350,52.0636682883
14357,27.3561772703
14364,29.5146085925
14371,48.2314779314
14378,55.2127086646
14385,17.1612976893
14392,14.6607268706
14399,18.4865436685
14406,65.9061624451
14413,46.5242203298
14420,39.9003762067
14427,18.4329010702
14434,8.82565599789
14441,6.36095013308
14448,15.6016899128
14455,5.27816097742
14462,-0.673338534539
14469,23.2237480493
14476,55.1018758695
14483,35.5500571774
14490,43.1407367169
14497,-0.527696540651
14504,43.2826631743
14511,58.220804638
14518,56.9526380447
14525,67.6627257998
14532,57.7780713476
14539,38.8611774217
14546,24.874043421
14553,11.4994566881
14560,63.5052254077
14567,47.9933833326
14574,35.2354308736
14581,9.89164844134
14588,45.461369642
14595,26.4353783469
14602,49.3957662775
14609,41.2295547556
14616,24.7758684269
14623,21.451784796
14630,16.3092584531
14637,56.3130171052
14644,16.9951804097
14651,34.352410319
14658,41.0617443451
14665,54.3345651558
14672,41.4496232673
14679,46.8789762927
14686,39.024841221
14693,54.9501381373
14700,53.6195517052
14707,47.932494645
14714,40.3949930338
14721,25.7708692954
14728,29.8778841382
14735,33.0942444792
14742,20.5397194315
14749,53.2251353609
14756,48.1444204363
14763,1.87088110452
14770,4.22390558371
14777,9.03232244277
14784,12.1844469043
14791,46.9955922929
14798,13.3881185846
14805,49.4589273484
14812,50.6241560129
14819,48.6329693981
14826,23.941569081
14833,27.6697166473
14840,56.2776091239
14847,34.2673157355
14854,-1.98661988629
14861,29.6241816498
14868,34.8860118376
14875,40.3900327078
14882,65.2283316795
14889,43.1003405043
14896,55.8670639059
14903,63.9486740464
14910,6.5021316697
14917,6.60499123113
14924,57.8004906386
14931,44.7183580668
14938,28.6759307022
14945,53.5774653965
14952,13.1236187609
14959,39.3992355931
14966,28.1535199082
14973,15.5846353273
14980,48.7398461414
14987,36.3879843633
14994,53.0030632327
15001,38.711190052
15008,34.1300032064
15015,50.9982505461
15022,35.5554408156
15029,51.6188561059
15036,42.851526321
15043,35.0234297633
15050,41.010811093
15057,53.3706654607
15064,57.5425006812
15071,7.31707817172
15078,7.48108819377
15085,32.8052868441
15092,15.1782474133
15099,-9.89846766976
15106,24.034337578
15113,61.0568255175
15120,49.9270770232
15127,20.9065016616
15134,20.6916953607
15141,37.019777955
15148,47.7713257479
15155,28.9242998234
15162,37.5899388371
15169,18.7924149578
15176,42.5623308118
15183,30.3948403258
15190,40.7417293688
15197,13.8414001962
15204,8.04871711424
15211,-15.803190311
15218,1.46034762438
15225,40.2021138566
15232,32.8105440648
15239,32.1490497441
15246,53.7386186318
15253,65.1918976686
15260,53.6110233558
15267,61.0487455476
15274,-9.81129380722
15281,47.3300329262
15288,3.23963837567
15295,-7.7654495192
15302,30.9887987551
15309,20.9079232221
15316,53.1938702398
15323,14.4713373332
15330,45.6184653948
15337,45.0071716912
15344,59.5545624057
15351,36.1473966168
15358,12.767287244
15365,49.0169936588
15372,44.8144088879
15379,44.8621636857
15386,53.1940178362
15393,59.2982946961
15400,55.6271096805
15407,21.3371052637
15414,62.0600075273
15421,19.8887722753
15428,29.1311771327
15435,50.9977299748
15442,20.0816382569
15449,26.5387873406
15456,42.604113586
15463,34.0009557401
15470,14.3719717616
15477,47.1017841585
15484,22.0773580301
15491,-6.95257383035
15498,53.5492021339
15505,50.6601573248
15512,48.8224033256
15519,55.9345815187
15526,49.4273629049
15533,57.8063820062
15540,6.82106354081
15547,46.0745527995
15554,53.5720095725
15561,52.5524078372
15568,57.002353547
15575,11.8798129114
15582,32.4111992219
15589,56.5960347101
15596,30.7025887111
15603,44.3116944644
15610,42.3626180299
15617,33.2666032967
15624,53.8011814916
15631,47.3923528449
15638,37.9413391355
15645,54.4199511899
15652,13.3351852878
15659,11.0302502675
15666,17.3758260104
15673,-6.49472408148
15680,49.7775991563
15687,48.3649470693
15694,40.6265314971
15701,22.5646332227
15708,3.26029656405
15715,26.10032883
15722,42.5417457463
15729,36.5111856441
15736,41.0923724896
15743,36.4615047491
15750,62.8529416052
15757,26.2705126898
15764,57.4835297534
15771,52.6273762384
15778,48.4297194746
15785,55.1709591506
15792,21.0901535163
15799,9.77797927743
15806,52.7223251563
15813,45.8496234919
15820,68.9752244671
15827,59.898217367
15834,39.1595992993
15841,13.3418361534
15848,45.7229847639
15855,52.0585816246
15862,33.5816755396
15869,35.5414886784
15876,52.09751804
15883,47.7304430838
15890,52.5514385298
15897,41.3646665399
15904,47.3855422881
15911,24.5594459891
15918,6.29597525587
15925,68.4269766106
15932,-13.454154513
15939,44.9706640312
15946,43.7654123027
15953,41.7551459321
15960,42.3182568352
15967,30.1951754454
15974,73.2568168043
15981,59.5500737481
15988,34.3949727683
15995,24.841343083
16002,15.4093534153
16009,56.6437444163
16016,56.5944663427
16023,29.5266326039
16030,53.1666252633
16037,59.2242256213
16044,60.1501486884
16051,16.0434890621
16058,43.1840740577
16065,35.9941011631
16072,41.1701022519
16079,32.4519513233
16086,26.2688999375
16093,26.9817399578
16100,56.3924384997
16107,40.240551262
16114,43.7734221873
16121,46.3435531207
16128,-7.17490141681
16135,63.3773140046
16142,65.3763868871
16149,34.2981456298
16156,14.7817869208
16163,49.6689975911
16170,43.6734097898
16177,46.1163991569
16184,40.5329502785
16191,24.4363704298
16198,46.1172565021
16205,59.7618167862
16212,51.3199328295
16219,-1.09212320266
16226,35.0322768642
16233,37.2139130423
16240,27.6211200113
16247,38.9670314282
16254,1.61354234373
16261,18.8957292315
16268,31.3735425275
16275,43.5199055363
16282,45.4147314458
16289,47.4373819085
16296,15.5687548773
16303,39.1024504126
16310,33.8792567403
16317,10.0604259265
16324,19.0652183087
16331,42.9958781681
16338,25.7111152209
16345,45.6756027204
16352,47.8083502163
16359,48.5225718231
16366,32.8736159121
16373,45.3595125434
16380,28.2643285441
16387,25.4636599889
16394,-3.47632540519
16401,50.548583236
16408,33.1404390381
16415,-10.4966348243
16422,65.1661150143
16429,40.950053237
16436,18.9333723242
16443,57.3356739871
16450,37.6448636931
16457,65.6299493795
16464,63.4619953899
16471,33.682134984
16478,20.1832632094
16485,30.9175166001
16492,36.0110540477
16499,4.24141640242
16506,12.6143542533
16513,66.2519236756
16520,21.4898273836
16527,73.8909051937
16534,58.0771097368
16541,53.4984270355
16548,16.923122111
16555,62.6600696569
16562,6.20181623971
16569,55.3482192302
16576,-4.01862784452
16583,26.3919765824
16590,44.1768003021
16597,45.2118159012
16604,-1.5986605865
16611,30.3395071638
16618,37.2618405984
16625,47.1063189211
16632,45.277648194
16639,48.8935941024
16646,40.5072807655
16653,11.813838848
16660,17.8261076393
16667,23.5346708314
16674,21.8925374995
16681,22.4543985435
16688,36.3789352893
16695,62.6375272684
16702,56.1677831015
16709,40.7205006773
16716,2.94828060204
16723,63.9998717153
16730,47.9282133383
16737,45.4896864116
16744,59.742422535
16751,37.3473534296
16758,39.6647436654
16765,28.8056654687
16772,21.9847200521
16779,33.2844733121
16786,27.1351000697
16793,41.4432970988
16800,25.5586312533
16807,40.582099103
16814,32.2603860657
16821,43.110667966
16828,44.5738045635
16835,43.6275434568
16842,34.2197511841
16849,31.6797148874
16856,15.9276818541
16863,34.8441131716
16870,44.1829842208
16877,51.1781939673
16884,52.1677719518
16891,51.3962946391
16898,54.9423501045
16905,46.962242606
16912,38.2798177595
16919,26.743080114
16926,32.1991749778
16933,29.7202240021
16940,32.3363390677
16947,46.7187254324
16954,-3.96782230024
16961,50.2881937949
16968,27.5974886969
16975,33.3433128812
16982,31.4934135013
16989,28.2810605796
16996,32.3911302123
17003,26.5773949704
17010,19.1667634849
17017,16.1989358182
17024,13.2581174603
17031,31.1010710339
17038,22.9963459283
17045,44.6716658997
17052,40.7234573632
17059,24.679652185
17066,35.9553094058
17073,37.2619532322
17080,48.5549506333
17087,46.1628678308
17094,42.9998085511
17101,22.9085871735
17108,-7.2035706571
17115,28.045116109
17122,40.1316252987
17129,5.11013854177
17136,30.7114220357
17143,18.1582053852
17150,21.5264280884
17157,12.423737493
17164,6.04660031385
17171,18.4117708427
17178,14.2929953169
17185,37.8897031056
17192,46.5273088762
17199,42.1484722042
17206,24.0902211103
17213,35.3201485031
17220,34.7345337214
17227,22.1041233992
17234,27.1981053564
17241,60.3584044261
17248,50.5935657256
17255,58.6562479944
17262,25.5737269915
17269,15.3801044888
17276,16.8055708508
17283,18.8300430774
17290,46.9748983537
17297,43.5064512055
17304,50.6141414454
17311,38.8533019552
17318,23.6874087812
17325,7.62318317527
17332,-4.61441055469
17339,2.30401789794
17346,19.6342876143
17353,27.5768033854
17360,30.0055713475
17367,18.2760479414
17374,32.5594860711
17381,4.85741170154
17388,19.5859381488
17395,36.0976394857
17402,22.2348536778
17409,15.1522191687
17416,28.0039119494
17423,24.9605105971
17430,34.004291221
17437,71.0690811027
17444,36.935727574
17451,37.6510269016
17458,39.2466351546
17465,24.7203742222
17472,16.0915559632
17479,16.4410927077
17486,11.9679561023
17493,20.3426637401
17500,44.0579745279
17507,42.0157771368
17514,26.2761745478
17521,21.1114960281
17528,34.5093301741
17535,9.10851363025
17542,48.7297507146
17549,49.3826378588
17556,42.9682292505
17563,60.3572942069
17570,15.4440325756
17577,64.4001893519
17584,-8.14266009268
17591,30.1598268417
17598,35.7691411532
17605,62.3278620882
17612,40.9157143824
17619,34.0462759595
17626,41.9321555463
17633,46.8474927924
17640,34.9429810671
17647,34.0462759595
17654,22.8570134088
17661,20.4000055859
17668,4.06958140673
17675,-13.3075677845
17682,24.0882489118
17689,50.5242831392
17696,60.9131886932
17703,37.5784717582
17710,-3.27148021808
17717,49.6624143053
17724,47.3455615797
17731,29.0828769881
17738,45.3722317023
17745,45.185630981
17752,63.1828713085
17759,52.4180844138
17766,54.2440283881
17773,44.7397071133
17780,14.5469286671
17787,22.6111223558
17794,43.8098216615
17801,36.1746619811
17808,50.5298908607
17815,49.8139052023
17822,53.9909972147
17829,41.2863184054
17836,7.7714371192
17843,42.3040375201
17850,45.9214262836
17857,32.8143699886
17864,40.6036126297
17871,28.4531988486
17878,23.5174549596
17885,40.42876378
17892,25.7229505185
17899,64.9101599675
17906,49.546091285
17913,49.714746108
17920,-9.32168263534
17927,35.6359755095
17934,45.3045593987
17941,11.4789353379
17948,48.7086435627
17955,42.165185369
17962,32.6063248103
17969,29.1999164286
17976,30.347896328
17983,5.22412656688
17990,28.4517206472
17997,43.442520261
18004,28.3039796042
18011,43.7095455329
18018,-4.92635777727
18025,74.9821697803
18032,57.5317981163
18039,49.382582149
18046,39.8029665054
18053,65.3954446789
18060,40.941523289
18067,14.8407011544
18074,19.2627221978
18081,34.9982387903
18088,40.2374135846
18095,43.1944457731
18102,19.5642783476
18109,40.0651825171
18116,34.386947659
18123,42.491407584
18130,48.5070559818
18137,57.1929858573
18144,50.6989122849
18151,46.3152192962
18158,47.6389274954
18165,44.7555099772
18172,40.6083846514
18179,43.7856426482
18186,37.178938558
18193,37.441720445
18200,41.4943196229
18207,47.5209187302
18214,13.3827906919
18221,40.6815304065
18228,24.5090889961
18235,-19.5832602946
18242,55.6250192105
18249,49.9272101917
18256,19.6856501868
18263,35.2088387901
18270,48.1758580371
18277,60.5301306134
18284,23.0308592319
18291,63.6024095312
18298,26.6131074076
18305,13.512737568
18312,41.1553664997
18319,40.0576812496
18326,41.3372195901
18333,-0.699091031029
18340,25.8738799208
18347,23.3156431583
18354,24.3341381589
18361,8.32251215962
18368,44.3996781254
18375,41.0004315055
18382,59.4929672389
18389,1.59587850078
18396,20.374227725
18403,13.7719864316
18410,38.3540805768
18417,39.2340002722
18424,46.9963473141
18431,59.3248525652
18438,57.0321456766
18445,8.26033404589
18452,-4.31244857131
18459,32.7771878541
18466,34.0456357518
18473,46.7277487219
18480,36.3752501706
18487,56.4017605456
18494,21.5367304312
18501,23.9888022665
18508,23.5088935801
18515,23.8407877655
18522,16.5462558493
18529,44.0486662667
18536,31.3922344455
18543,41.6564212159
18550,41.6737643887
18557,26.8115272415
18564,35.7885347344
18571,23.1214379747
18578,52.3573910341
18585,30.8960695459
18592,56.1916076487
18599,-3.05041337851
18606,-1.3581045228
18613,47.774254256
18620,44.3828096741
18627,56.7273306521
18634,60.7474706872
18641,13.1640609186
18648,8.25914345931
18655,27.8726722892
18662,37.0513799668
18669,37.6397018758
18676,64.9661114178
18683,23.7869544279
18690,65.2665070647
18697,47.4700949795
18704,43.1510220286
18711,38.5390532599
18718,28.2643969136
18725,13.9634751724
18732,33.0543523477
18739,35.3342260894
18746,47.1852257265
18753,29.6513590615
18760,40.5309755537
18767,34.6043040065
18774,24.245896417
18781,20.64689266
18788,-0.596620559669
18795,11.8853714679
18802,45.6989778996
18809,44.4915919629
18816,52.8042031025
18823,48.732508198
18830,6.26715825322
18837,15.2098287318
18844,20.5415422098
18851,39.5290031794
18858,40.8658630289
18865,55.292002653
18872,0.04706899309
18879,14.5737680887
18886,20.6759110752
18893,25.2016438956
18900,17.7526443356
18907,37.4965615774
18914,45.4188741572
18921,51.1264773834
18928,22.8989714843
18935,45.9076489577
18942,31.3153978916
18949,50.4723335917
18956,15.4411145595
18963,9.61541170893
18970,8.27937786389
18977,43.691267778
18984,48.7141708461
18991,39.2738630801
18998,45.55117666
19005,40.2927508645
19012,35.8674546984
19019,56.0348235236
19026,41.5486813747
19033,27.072196017
19040,53.7345854343
19047,42.6251550022
19054,38.9056030014
19061,55.5350271987
19068,52.1672437103
19075,28.2820660724
19082,40.2463200557
19089,7.31259350276
19096,38.13375076
19103,20.9031682803
19110,26.5647424455
19117,42.7900610592
19124,15.588133866
19131,43.8407522268
19138,10.5835739186
19145,24.5416595839
19152,31.2310248596
19159,43.4593648111
19166,43.036905212
19173,49.6983088312
19180,39.4417511882
19187,40.8875239935
19194,63.6386699249
19201,30.3021055865
19208,3.72973145556
19215,27.9959216713
19222,31.8552410264
19229,47.4338744982
19236,47.3009088534
19243,33.8583606075
19250,42.1611396498
19257,22.3045156299
19264,52.209350817
19271,48.8878784137
19278,56.9992002489
19285,37.7553630629
19292,59.3917617119
19299,22.5215088922
19306,60.9901620184
19313,56.9968368107
19320,37.0218973634
19327,37.6345635713
19334,55.9119471414
19341,48.6139832877
19348,31.3159507958
19355,43.1339427472
19362,47.7078560894
19369,65.8645581654
19376,51.9681581935
19383,46.5523674531
19390,44.4630255415
19397,49.282445718
19404,21.2738849509
19411,46.3420458252
19418,39.5796902327
19425,45.4012111629
19432,51.889893314
19439,51.6568637314
19446,42.7456966474
19453,42.1952347101
19460,52.4693081964
19467,58.7836581765
19474,63.8780444613
19481,19.0937949825
19488,44.8572307688
19495,24.4607897655
19502,62.1717854071
19509,48.1402487802
19516,6.12158831805
19523,29.3533244259
19530,59.637348162
19537,43.3854600226
19544,-11.8527185614
19551,43.1510915718
19558,53.2306897287
19565,20.2150261461
19572,10.9142429265
19579,-2.90529830646
19586,5.47769970224
19593,46.4299970224
19600,39.5130368845
19607,26.9366331824
19614,60.6294830327
19621,58.6325764401
19628,11.8097218517
19635,48.5387206522
19642,52.0947776043
19649,53.056822007
19656,28.6203588093
19663,24.6551719364
19670,56.0306541206
19677,54.2277725277
19684,30.9629455226
19691,28.2604277519
19698,25.80646562
19705,27.341308672
19712,38.1550321781
19719,44.6744858795
19726,19.1239667567
19733,23.5893791082
19740,39.3905430502
19747,31.8886980437
19754,-3.05072141148
19761,53.4653071556
19768,52.8246834603
19775,50.9100459015
19782,43.8278333952
19789,43.2847564339
19796,51.4609545753
19803,57.8493876419
19810,23.6047852042
19817,44.4480969446
19824,17.1614088991
19831,37.1565877715
19838,15.6875500151
19845,9.70824297371
19852,27.3071001532
19859,21.0998276489
19866,35.2811868355
19873,47.4771823211
19880,32.9918535807
19887,46.2977400604
19894,47.0700155662
19901,32.1264003985
19908,37.007079082
19915,46.4863006733
19922,36.3521330339
19929,1.31324942724
19936,61.0041458836
19943,52.3680602577
19950,32.5925299763
19957,52.1261859353
19964,25.3704035369
19971,10.3684793939
19978,64.3944061151
19985,45.7020842717
19992,64.2568160864
19999,27.3771183582
20006,59.000011129
20013,4.79107661511
20020,50.0578652154
20027,58.9091918667
20034,36.9058735856
20041,49.4993793707
20048,43.6996244133
20055,52.7966622423
20062,51.9247409292
20069,47.7968429496
20076,43.4542618122
20083,37.3710918413
20090,-5.78985067158
20097,50.0725469143
20104,36.2754131142
20111,44.2359544348
20118,62.8816385268
20125,30.9942143595
20132,39.1233031823
20139,71.7666356187
20146,-3.7787105987
20153,42.6326498405
20160,37.9902888447
20167,33.3395082669
20174,37.3435220231
20181,26.5133813301
20188,42.8540233014
20195,44.2319231087
20202,44.8907474962
20209,45.1394279894
20216,22.8014689593
20223,40.2090993527
20230,37.7683575503
20237,48.7582173476
20244,61.8444616716
20251,62.4563093745
20258,42.1848418325
20265,21.9548913194
20272,44.1992827002
20279,39.8797043603
20286,39.8797043603
20293,39.8797043603
20300,46.4082366861
20307,56.2617528513
20314,51.1046182522
20321,52.6995097782
20328,37.1536139405
20335,43.733738552
20342,45.2872845741
20349,36.0949194787
20356,56.5206156348
20363,47.0442772462
20370,9.92131503449
20377,59.8071496731
20384,-0.576902337545
20391,-5.400537519
20398,-16.3649872527
20405,19.6829465189
20412,42.8050590154
20419,19.9679524936
20426,39.4827002996
20433,44.9702652528
20440,44.6441685857
20447,-2.51219160969
20454,38.7191828051
20461,37.3722162825
20468,57.0388776173
20475,25.887442602
20482,35.5667656756
20489,71.4319874978
20496,43.1121357984
20503,29.9732114906
20510,36.4154670415
20517,48.4413359519
20524,21.7482669721
20531,47.1583295753
20538,62.5502307895
20545,34.3752303991
20552,54.5912293209
20559,54.1375078288
20566,16.0986995733
20573,16.5310326077
20580,40.4966542006
20587,35.5890921256
20594,54.1399298604
20601,53.8596516639
20608,54.5314487173
20615,41.6376315355
20622,53.6394546448
20629,8.53912216162
20636,17.6357683368
20643,28.8673310809
20650,39.4950081275
20657,-6.73314045055
20664,32.8984438538
20671,49.161493063
20678,28.4073573394
20685,43.4662511192
20692,6.55155259597
20699,28.739033048
20706,29.9492434388
20713,31.5720472853
20720,61.9508398311
20727,73.8940153123
20734,59.6588712849
20741,45.5198832328
20748,9.78837338169
20755,26.4176988008
20762,23.57713477
20769,26.5387654376
20776,24.0719964891
20783,18.7057447908
20790,-9.3050073126
20797,31.6588254334
20804,56.4067012478
20811,70.2292457446
20818,23.3311741234
20825,32.0013587796
20832,71.6984348438
20839,36.6997613309
20846,43.7519075973
20853,43.2395625553
20860,45.271433604
20867,7.20102298951
20874,-9.44161905319
20881,7.21850483971
20888,13.7077249803
20895,6.37282235739
20902,28.9274628684
20909,36.8919548848
20916,57.9657663911
20923,33.871227829
20930,32.4089800864
20937,26.3648865044
20944,56.5758040448
20951,52.6479508529
20958,40.8904793169
20965,46.753748291
20972,60.3094056902
20979,50.8109033872
20986,3.57304178881
20993,10.1072485257
21000,54.9820802705
21007,43.0571312033
21014,44.0400747114
21021,45.5059676819
21028,47.434011869
21035,52.7061689302
21042,49.9403770622
21049,45.1454762031
21056,37.6851830733
21063,38.3510100364
21070,46.1755047753
21077,10.6748976534
21084,11.0004758292
21091,50.5326753834
21098,31.3774488559
21105,68.1035820162
21112,30.7849412269
21119,6.40690347583
21126,68.2082625102
21133,55.0723689536
21140,60.1872182816
21147,47.8900245871
21154,-14.1233594366
21161,65.7459469575
21168,48.5401861533
21175,42.6055872054
21182,36.8595761365
21189,40.3128649427
21196,23.6131003347
21203,56.3959438079
21210,29.023113627
21217,13.0365424015
21224,36.3615195418
21231,28.5666562718
21238,32.0513287429
21245,8.79367934649
21252,42.3420003315
21259,35.5528917675
21266,38.4483066778
21273,39.2500153741
21280,41.8327877962
21287,66.3857544864
21294,32.5036294585
21301,18.2277372863
21308,40.721842579
21315,9.4612787403
21322,45.6733706731
21329,27.9948943821
21336,18.5717772549
21343,44.1524696916
21350,38.8610067134
21357,19.8910031414
21364,63.0664664153
21371,22.8423414263
21378,61.567942265
21385,0.0662257144601
21392,33.4243818852
21399,44.0427611152
21406,13.9633189745
21413,23.2158743342
21420,22.1064024795
21427,5.09740466681
21434,44.3775008145
21441,53.5448922956
21448,19.1960459089
21455,51.4654540769
21462,44.7199126885
21469,-8.4446995604
21476,38.4689965117
21483,50.5024770455
21490,44.4868738596
21497,51.216323415
21504,43.5447988211
21511,55.8625930066
21518,11.9672364486
21525,49.7711959158
21532,33.1703628527
21539,57.384086652
21546,33.8836397887
21553,51.9156369482
21560,29.1638380596
21567,38.1207405139
21574,59.9969029839
21581,23.439948892
21588,17.5348351173
21595,49.3828477368
21602,7.91786755067
21609,44.3975626552
21616,82.3236684632
21623,36.8742060101
21630,50.0695709274
21637,51.964396837
21644,27.0559035338
21651,13.7886289715
21658,14.3733961378
21665,41.9529444027
21672,35.9507820433
21679,35.413234312
21686,36.8374513276
21693,45.0351930447
21700,38.5640555286
21707,51.029379568
21714,43.8481437919
21721,44.986591017
21728,19.0354977472
21735,48.9419729039
21742,41.3728051412
21749,45.6842738571
21756,75.7975586937
21763,57.8044267959
21770,48.0320075495
21777,53.7226274351
21784,54.5402206398
21791,42.0886681282
21798,42.8491551144
21805,21.9365117374
21812,51.5147745347
21819,49.9497511353
21826,26.7780917174
21833,34.3431706614
21840,33.6932577304
21847,21.2221534843
21854,31.1672368957
21861,38.9173272547
21868,7.86379462324
21875,1.99758947866
21882,44.8566814035
21889,52.7726444385
21896,48.2612485327
21903,24.7091822966
21910,35.5142393293
21917,52.6901130842
21924,58.1964324524
21931,39.7856438848
21938,61.7961513117
21945,21.3613709158
21952,27.2974046082
21959,51.3536897786
21966,47.3826305849
21973,19.9794622994
21980,22.7067205376
21987,15.1944545804
21994,26.3486600577
22001,50.5370730577
22008,42.7085088093
22015,35.0514964468
22022,57.7532655503
22029,68.5698069051
22036,41.5872571634
22043,-20.336001909
22050,43.8706899573
22057,42.830145661
22064,43.7833814611
22071,38.8066940674
22078,53.5634673526
22085,69.1615302332
22092,47.4555812916
22099,64.1440616245
22106,56.1879994911
22113,8.91171315555
22120,2.88115305329
22127,24.857573297
22134,43.8856019061
22141,59.8680788293
22148,43.1343296306
22155,21.9607983059
22162,-0.613080791759
22169,40.4312526779
22176,58.4072709068
22183,58.004127736
22190,53.2008276004
22197,26.02258427
22204,37.692607935
22211,22.0205940884
22218,52.6114178901
22225,46.8729519963
22232,30.7773544282
22239,36.1078602321
22246,28.0301748211
22253,57.1130637257
22260,55.7452207912
22267,14.9753879283
22274,27.7257885794
22281,36.7691959168
22288,33.2666091294
22295,37.068183265
22302,33.008433412
22309,57.4659401992
22316,2.47087727579
22323,58.9244837863
22330,35.2215046313
22337,19.8666487528
22344,36.4091305264
22351,37.5517782211
22358,36.5550609256
22365,13.8960122622
22372,45.8936301224
22379,63.7310928249
22386,35.7963000928
22393,54.6775637531
22400,53.9690933319
22407,36.8981395149
22414,45.8359450931
22421,29.7374226771
22428,41.2217333866
22435,30.437418201
22442,30.437418201
22449,51.4800157895
22456,50.4526088222
22463,38.9627483649
22470,34.3404068102
22477,41.6155028302
22484,29.3185702121
22491,21.3071055677
22498,51.881236102
22505,50.1797785277
22512,34.9224394481
22519,38.2095190557
22526,51.2809384744
22533,41.8594015831
22540,56.6199677148
22547,54.8788347428
22554,41.7176795579
22561,15.9214458749
22568,-0.86759764124
22575,50.4282223272
22582,43.9675010133
22589,68.4474875139
22596,57.5420453866
22603,51.2635090312
22610,45.8847212645
22617,38.3028366945
22624,40.7552767377
22631,-26.5834299377
22638,23.829594551
22645,32.6842620086
22652,-9.65780787075
22659,50.8661847789
22666,43.396008096
22673,45.176803041
22680,65.4202408212
22687,63.5815569066
22694,43.8232962223
22701,50.9432943033
22708,41.7411633276
22715,40.95345178
22722,47.4598853527
22729,31.4111782356
22736,26.9023626686
22743,18.908049175
22750,51.2458603147
22757,53.6290405216
22764,69.9660543535
22771,41.1001027984
22778,39.2105883088
22785,34.9329826822
22792,47.6232552785
22799,-17.287648509
22806,23.0517689182
22813,43.3347819273
22820,55.3241015974
22827,56.9411624263
22834,57.1788872074
22841,25.4996807215
22848,58.2517559364
22855,29.4175475148
22862,32.8844170148
22869,26.994695369
22876,33.9287873871
22883,48.8289997986
22890,44.6751021811
22897,-3.7515054024
22904,43.1036645995
22911,38.4678539472
22918,66.6233057863
22925,0.749509886885
22932,63.5222854802
22939,12.1654322825
22946,26.9025378997
22953,58.594948747
22960,50.7021498489
22967,22.8481113808
22974,19.167505382
22981,18.5949666644
22988,50.1029660425
22995,45.4418094395
23002,54.432004092
23009,43.832050312
23016,56.2282055305
23023,42.2050259672
23030,43.4432855054
23037,31.3971287373
23044,37.7133740384
23051,38.2097473926
23058,38.9240977472
23065,18.4745658786
23072,39.2379232047
23079,54.3820249332
23086,55.9259667046
23093,40.5723595209
23100,60.5985142731
23107,29.0115568524
23114,22.8813043529
23121,33.4135994326
23128,17.1601197985
23135,22.3199103578
23142,0.0873653898542
23149,-2.5467447479
23156,34.3091690588
23163,24.5191158815
23170,53.1162318685
23177,43.3825018783
23184,26.7451274831
23191,48.5644564972
23198,40.5631959857
23205,56.1680091673
23212,59.3481869398
23219,46.2627857362
23226,38.3303299231
23233,38.2218956974
23240,35.9124861593
23247,15.0874113775
23254,11.8146171116
23261,21.4749607897
23268,12.3408280562
23275,21.3646182255
23282,40.3336500609
23289,-1.69131442156
23296,77.8608573566
23303,30.5893246602
23310,45.8277847691
23317,37.0351443684
23324,51.4595030239
23331,22.3091152743
23338,39.478569127
23345,53.2712970001
23352,54.8460423482
23359,54.385258241
23366,41.7865477128
23373,27.1312846426
23380,28.9402435189
23387,21.1241421364
23394,28.7483454715
23401,25.777516682
23408,18.1813275011
23415,52.1338521804
23422,-7.23979313549
23429,42.7737244973
23436,62.2792029406
23443,15.1710099856
23450,75.1903234976
23457,12.4840019502
23464,46.4903633226
23471,50.0627854581
23478,44.5929409665
23485,57.230272447
23492,26.635119006
23499,16.7964357244
23506,24.0919971535
23513,23.0308469908
23520,33.4672938182
23527,8.93400417684
23534,39.9687516863
23541,32.9657065943
23548,26.9459645237
23555,7.49176285861
23562,23.555178149
23569,24.0034641955
23576,56.0975287296
23583,68.2951029926
23590,69.9560355241
23597,31.1666515057
23604,33.9735382345
23611,60.9412119985
23618,72.0263954919
23625,53.9857101678
23632,51.3677800388
23639,56.1134007264
23646,45.9759558391
23653,62.8995355181
23660,30.4842320718
23667,4.33647494959
23674,65.5933604524
23681,37.1246231574
23688,34.2827983472
23695,73.3069942637
23702,40.7128654572
23709,56.712720111
23716,44.8558730962
23723,63.5693053338
23730,72.3453480799
23737,52.9562908479
23744,39.2060228807
23751,24.6805188493
23758,30.4725595225
23765,59.416340989
23772,47.9068932294
23779,46.2355107858
23786,59.8070866062
23793,46.8551873037
23800,27.3860930606
23807,32.3927829551
23814,67.7418339935
23821,34.8297437508
23828,41.554064715
23835,48.6153416943
23842,12.7480884009
23849,-1.2639503775
23856,15.6698866207
23863,29.3468302321
23870,29.3230262853
23877,12.5729884043
23884,18.4842861946
23891,61.4433324673
23898,-1.02417583067
23905,52.7073908764
23912,43.4432241161
23919,40.2856196193
23926,50.3808430263
23933,38.5759936729
23940,8.89103187108
23947,-19.0504163038
23954,48.4697030691
23961,46.3838149858
23968,63.3151776453
23975,62.2603585834
23982,81.6975466766
23989,64.2438712418
23996,46.6516765896
24003,62.7534399344
24010,42.1221386959
24017,50.6908549389
24024,43.8372949458
24031,67.0144251457
24038,42.0306072565
24045,49.2216892455
24052,33.2416405876
24059,64.206844186
24066,50.4665626121
24073,45.2433689398
24080,49.6703511828
24087,57.2252442407
24094,46.264134012
24101,40.5117847838
24108,80.5863361464
24115,31.723853789
24122,49.6324124605
24129,66.0157744268
24136,67.4234652225
24143,40.3912450734
24150,50.7361613191
24157,-11.5923655495
24164,79.7642095563
24171,13.3094474358
24178,29.0418655049
24185,14.6913227977
24192,76.9693648219
24199,1.3804234399
24206,44.3076562388
24213,60.5142869601
24220,41.4577032052
24227,8.42704988226
24234,37.1799458009
24241,70.1102038837
24248,74.1178365654
24255,69.6613324319
24262,40.6673082233
24269,54.9775069704
24276,83.1114347897
24283,56.8753807118
24290,57.1892916782
24297,27.4746288488
24304,75.032014483
24311,93.4075373388
24318,90.4722203867
24325,50.2136505071
24332,59.7723638264
24339,69.0553936986
24346,-11.0568462328
24353,36.3364577298
24360,63.0892838132
24367,44.1905088263
24374,59.6040835097
24381,45.4951294232
24388,27.0391158751
24395,20.539535618
24402,39.9077145454
24409,50.45956553
24416,23.0322037352
24423,27.1468953984
24430,39.3866721511
24437,44.8596194667
24444,38.4980158733
24451,24.4734504848
24458,36.6673519795
24465,17.8473664879
24472,10.0475828465
24479,68.1009804118
24486,68.4345950515
24493,48.6955837607
24500,46.4256350161
24507,28.6811113573
24514,25.304895028
24521,55.4407729855
24528,41.1605575196
24535,61.184594337
24542,29.6238316267
24549,46.2059190869
24556,63.5829701978
24563,33.8343369284
24570,52.6676301768
24577,57.8017217109
24584,67.6083601309
24591,53.0604853319
24598,52.3279406756
24605,39.403374494
24612,58.5740730701
24619,55.5085787223
24626,26.6121804557
24633,44.2665852146
24640,52.3480374401
24647,37.5699556317
24654,14.0858970092
24661,49.3953566668
24668,47.8945816806
24675,16.8574680213
24682,44.003535383
24689,18.6693038517
24696,45.3851412931
24703,49.6281479568
24710,41.7333869836
24717,51.9990871724
24724,40.2292665778
24731,50.4719282448
24738,47.5171990402
24745,34.1723556794
24752,21.8514387696
24759,36.8391989409
24766,42.6560707835
24773,69.2696487057
24780,42.454920575
24787,52.6753359521
24794,38.9219799391
24801,45.9070430593
24808,56.4706466679
24815,13.2887774998
24822,31.4114148543
24829,54.3728049242
24836,39.253864422
24843,55.0506321779
24850,51.1898925281
24857,65.5498721021
24864,51.9382450516
24871,45.1174574789
24878,32.880225679
24885,66.6556784145
24892,51.986301245
24899,31.3636359505
24906,42.0911915756
24913,14.3141879566
24920,36.7178051114
24927,43.617582356
24934,24.7456994848
24941,43.0623729111
24948,55.4887505641
24955,12.7047661195
24962,13.6240533955
24969,53.6193539939
24976,20.7949898231
24983,43.3847247466
24990,35.3725270564
24997,50.2690594772
25004,56.8531807617
25011,70.9521518093
25018,42.1907565034
25025,53.2507334663
25032,14.6360970028
25039,63.2938607266
25046,66.4559716067
25053,38.6366842419
25060,28.6873778157
25067,20.9533331009
25074,64.0229061485
25081,65.431392397
25088,76.8144501792
25095,71.2545670192
25102,40.3040969184
25109,28.5093516629
25116,50.944207888
25123,33.9286801897
25130,32.2255706346
25137,14.9114279422
25144,52.6986825175
25151,33.9739243651
25158,51.0959293767
25165,50.6216029491
25172,29.304911193
25179,40.0463229262
25186,61.5513295956
25193,38.5285922729
25200,39.4060539565
25207,57.2535208314
25214,16.6634317416
25221,63.5150871585
25228,25.2895659821
25235,68.1318547319
25242,64.0201573734
25249,65.4412347109
25256,58.022708456
25263,43.5442111776
25270,30.9870744394
25277,76.0020474606
25284,29.8446423536
25291,67.8958954268
25298,19.2629972066
25305,32.2205792708
25312,43.4437154346
25319,64.2030686708
25326,33.9784500334
25333,24.2931119209
25340,52.0813117371
25347,51.4766035324
25354,43.9948716714
25361,9.85287178974
25368,8.51683794469
25375,32.4857755447
25382,48.3576340057
25389,22.9527467644
25396,27.9642571029
25403,38.5859777535
25410,-8.0110589827
25417,50.1336083903
25424,50.6460191531
25431,83.6794709194
25438,12.1611624241
25445,54.3928635617
25452,61.0056186578
25459,22.6276724033
25466,23.5533551412
25473,41.803422801
25480,-10.5849420622
25487,-41.4776758566
25494,41.7759773484
25501,36.1679937201
25508,38.5740053412
25515,-15.8867228852
25522,19.5151088185
25529,42.7975647281
25536,64.9104380625
25543,53.3976319689
25550,13.209777125
25557,22.4735195058
25564,29.6326823379
25571,44.697787236
25578,51.3451603437
25585,-13.9302416361
25592,34.4206718456
25599,9.58307965941
25606,46.8342518336
25613,23.8431182969
25620,31.5936696528
25627,48.9545438637
25634,-16.4788289909
25641,47.882464415
25648,28.5305102688
25655,20.2710582383
25662,52.1293812329
25669,29.4455613279
25676,35.8775166418
25683,39.472544302
25690,22.8351699069
25697,38.8748063748
25704,40.7933433519
25711,33.1919917331
25718,24.329255307
25725,14.7380643427
25732,48.2020119648
25739,45.0260781992
25746,63.9875164072
25753,62.1940923437
25760,66.2785010819
25767,60.785656186
25774,34.9464233786
25781,29.6530707561
25788,8.81851153427
25795,55.1238851331
25802,51.3332947012
25809,71.2381699001
25816,44.5860303141
25823,51.7593108317
25830,77.9770483252
25837,53.7218518109
25844,64.1759527898
25851,66.0221303345
25858,-1.93390188133
25865,47.6604324317
25872,79.3228256198
25879,40.6878692123
25886,44.477191167
25893,39.4090778522
25900,54.7496965423
25907,58.009744046
25914,72.9332585633
25921,40.3827452823
25928,41.9677966718
25935,85.3414087893
25942,73.3065214522
25949,79.2678036079
25956,93.6943158787
25963,13.6958228976
25970,15.4455893967
25977,45.0102992504
25984,34.8295718593
25991,40.2635321651
25998,49.5851143182
26005,72.2447465608
26012,24.2115838379
26019,44.912046693
26026,37.8206191653
26033,42.5238448355
26040,53.2654683676
26047,40.6638641173
26054,66.6048959242
26061,2.52803288034
26068,13.9792169385
26075,42.9325643164
26082,34.8454162198
26089,61.420224916
26096,56.3264878902
26103,20.0603316784
26110,19.0074105667
26117,62.1223627413
26124,11.3661747941
26131,32.2435274663
26138,20.0070260039
26145,17.8048173201
26152,36.5387582864
26159,43.3092948475
26166,-21.6394370578
26173,59.6423632908
26180,89.3971218526
26187,18.676989609
26194,11.5382077827
26201,63.0676618494
26208,32.6108899288
26215,27.4254704974
26222,64.2476318141
26229,51.4962813172
26236,60.912904831
26243,65.2642246649
26250,8.18045823176
26257,66.8555164551
26264,37.6120855696
26271,15.1007016121
26278,-0.813666023758
26285,86.0633061936
26292,48.1080228051
26299,61.9294979809
26306,1.37055866272
26313,37.4490477542
26320,78.7999595584
26327,54.4257209871
26334,58.3802064922
26341,29.9240297217
26348,75.7173768563
26355,47.449216731
26362,49.064278343
26369,-37.6159131652
26376,56.5756504505
26383,31.3666956656
26390,92.1758944481
26397,-4.31587030247
26404,57.1900141724
26411,59.7587884814
26418,57.2753243068
26425,44.5608706176
26432,72.1975913881
26439,43.6932579766
26446,42.2638968041
26453,47.9077102324
26460,61.6047903649
26467,47.2990537763
26474,54.1978910409
26481,62.3131853996
26488,32.27868766
26495,34.1561600323
26502,60.8971352961
26509,38.7961238623
26516,53.239092451
26523,50.5419668218
26530,44.3481156421
26537,45.0864597847
26544,55.3764669162
26551,63.6428365488
26558,58.1826314222
26565,64.7048747849
26572,53.1530286576
26579,46.34105684
26586,26.6478184677
26593,13.1340918377
26600,26.4803959512
26607,50.5118296334
26614,37.8499939646
26621,58.4453750073
26628,34.2908682437
26635,62.2004486962
26642,38.631671313
26649,42.1163437841
26656,13.7090667372
26663,26.1567313622
26670,52.2070000402
26677,40.0721275644
26684,44.7687884576
26691,44.2198331387
26698,23.9017165426
26705,12.8290607695
26712,54.9335773871
26719,49.1067771625
26726,54.7205906957
26733,41.3636677923
26740,60.6534120248
26747,54.2597748174
26754,55.6413719933
26761,43.1573485014
26768,52.5559226136
26775,46.4004509006
26782,36.6241511211
26789,-3.01857056274
26796,33.9981140602
26803,57.0756039772
26810,24.7291111671
26817,42.2227015742
26824,0.0348364477552
26831,27.6227299162
26838,56.4413726614
26845,53.3124464628
26852,39.1545697847
26859,60.7562054844
26866,67.2279311885
26873,37.6119897053
26880,46.8298910764
26887,50.3502741428
26894,55.7398764592
26901,46.0876971789
26908,43.5822722377
26915,31.0879795951
26922,41.3944285117
26929,28.9808524324
26936,33.3733842831
26943,-14.7383403271
26950,18.721370209
26957,56.1521247548
26964,51.3002685222
26971,24.6155109924
26978,15.6882545092
26985,19.4393096632
26992,44.0073802769
26999,31.6182189154
27006,30.2734085587
27013,18.8357392754
27020,26.1120210238
27027,26.463394724
27034,30.5614318158
27041,47.6729639756
27048,53.5319205374
27055,43.73644261
27062,55.8861941679
27069,6.9519791887
27076,8.18686992882
27083,59.5121471272
27090,54.8018192377
27097,10.5538971059
27104,23.9909667568
27111,38.085420291
27118,50.3329088083
27125,25.4762778517
27132,35.413719359
27139,31.0075720284
27146,26.5530426344
27153,-20.6960777825
27160,25.1434910043
27167,49.7761372556
27174,43.3719038425
27181,40.5534303268
27188,4.94943050852
27195,40.3124709707
27202,62.995803723
27209,57.379941602
27216,19.6394254408
27223,40.8991320168
27230,55.4368154347
27237,28.3219026053
27244,43.8600880869
27251,47.4774768505
27258,47.0397359121
27265,-17.4166038588
27272,14.9480536472
27279,-5.30878500135
27286,8.45457487104
27293,65.4992125427
27300,58.545737814
27307,69.9431575208
27314,69.4688310932
27321,19.996370442
27328,7.32036544925
27335,62.7468371854
27342,75.0159197119
27349,54.7423410612
27356,47.7792360924
27363,56.4257323578
27370,68.6054554039
27377,25.0197657479
27384,40.7349163681
27391,50.854408676
27398,65.3036355312
27405,50.8895300133
27412,20.4456092812
27419,20.5446434846
27426,55.9682053426
27433,23.2518605795
27440,35.7368717829
27447,56.2640627356
27454,61.4372180961
27461,28.3752494938
27468,49.3523452404
27475,36.3960903423
27482,56.1270186961
27489,18.0895287531
27496,-7.35933813492
27503,54.6232905334
27510,-23.5062548061
27517,6.73722111422
27524,63.127839512
27531,76.5483657175
27538,-11.8806891844
27545,34.6309186867
27552,24.1687027276
27559,9.71025716533
27566,40.7493831043
27573,33.0693178739
27580,33.8104518693
27587,63.6071871721
27594,39.8220381492
27601,0.913076781397
27608,15.8237499392
27615,-6.79816144905
27622,71.1755659037
27629,14.9549491747
27636,63.1369885397
27643,45.1793076221
27650,65.8486336704
27657,55.8400595986
27664,41.0019508802
27671,43.7534862657
27678,51.6763895709
27685,56.5088236562
27692,17.4532175162
27699,24.1574452056
27706,43.4950841659
27713,1.52302951246
27720,22.6449685411
27727,44.8123213438
27734,48.750409398
27741,45.0736544174
27748,55.0547756422
27755,44.2154772687
27762,22.3649506133
27769,-2.36170736337
27776,48.3009917019
27783,51.2717250353
27790,58.6781170363
27797,49.6038599647
27804,19.0311179786
27811,24.276872791
27818,41.6540219822
27825,60.596732678
27832,48.1029506282
27839,61.9124401327
27846,16.2000242952
27853,72.1537537487
27860,15.8020231474
27867,46.4802728334
27874,66.0573926406
27881,83.6286025208
27888,63.2586570685
27895,70.371926171
27902,41.2496979607
27909,45.2722995527
27916,42.981743232
27923,17.3221250225
27930,13.7112819088
27937,53.6744437197
27944,-8.67886913929
27951,49.6923012984
27958,67.9845949556
27965,24.257898895
27972,62.725686766
27979,30.6375821991
27986,85.2346290869
27993,51.0695017259
28000,52.0169139021
28007,48.3497080314
28014,62.7931279896
28021,-1.69070951472
28028,64.0068224808
28035,47.5941722972
28042,58.6487754588
28049,43.033652589
28056,14.090952697
28063,16.0467597811
28070,-4.87301482822
28077,53.170241866
28084,51.3565646295
28091,48.3635837756
28098,-15.3423174863
28105,37.3901348343
28112,34.1184054214
28119,34.4529255311
28126,27.049186597
28133,28.0684641905
28140,28.8265924761
28147,18.2729862631
28154,46.8951899745
28161,26.0698418239
28168,73.0577645938
28175,29.4975449755
28182,72.9479919809
28189,49.7748800264
28196,54.0670555813
28203,2.96229847442
28210,14.4489251896
28217,39.2828649208
28224,44.8553012334
28231,22.2293999811
28238,5.49779343218
28245,37.5610189116
28252,36.6556747687
28259,35.3961108071
28266,24.3722856883
28273,-13.8072754544
28280,-3.40273579235
28287,37.9260855183
28294,-23.9182361937
28301,14.0627223836
28308,37.5860385933
28315,42.8430406231
28322,44.4457557665
28329,-40.8581209916
28336,56.5734407545
28343,70.6851501687
28350,-4.89002392296
28357,61.5872262898
28364,61.8487473851
28371,38.5638794647
28378,28.5778503627
28385,18.0285659826
28392,21.665540916
28399,28.8739073527
28406,47.342031814
28413,-23.4382607974
28420,79.4252751998
28427,-16.9745534192
28434,-15.9692454177
28441,17.643482418
28448,10.9283732978
28455,30.1489757099
28462,40.4698236388
28469,40.9473738064
28476,47.9770670475
28483,54.3011939716
28490,43.2514311407
28497,35.7617136957
28504,41.9662615908
28511,51.7271611942
28518,24.0299638184
28525,27.864237571
28532,41.1330109381
28539,27.3489336857
28546,18.454837572
28553,68.9003246912
28560,35.777717779
28567,39.621381617
28574,55.9157114721
28581,37.4298028047
28588,37.2274352686
28595,44.1898209121
28602,80.0608386819
28609,33.5434619067
28616,41.442011172
28623,75.8140505102
28630,44.8592344701
28637,68.5302432673
28644,54.7109349691
28651,53.198179414
28658,36.6773985053
28665,39.553847921
28672,52.7550654646
28679,13.1540143166
28686,36.2143739783
28693,7.64102534204
28700,46.4218459725
28707,55.1784674077
28714,48.3907264931
28721,48.6272094256
28728,42.5041128722
28735,65.1138172509
28742,38.132997466
28749,37.0551327945
28756,50.907129522
28763,59.7518488675
28770,56.9186163925
28777,46.7378890015
28784,51.6770882448
28791,58.5804611686
28798,59.3260930637
28805,68.952014123
28812,66.3558236443
28819,50.1150897903
28826,35.3832960756
28833,55.4146759919
28840,11.8409591656
28847,23.5391112996
28854,72.4146118911
28861,36.8710166668
28868,47.4374667644
28875,63.3133672043
28882,75.5098055893
28889,53.3756911216
28896,50.5121491118
28903,56.6225467143
28910,58.5743367625
28917,42.0244167275
28924,25.5261463856
28931,29.9117850094
28938,44.6406524192
28945,67.7569210615
28952,30.5227176697
28959,53.9686786451
28966,-4.44274599791
28973,40.3214963407
28980,65.0875072394
28987,10.9228053908
28994,63.6892403898
29001,58.1776119456
29008,64.8875571488
29015,-8.78099490488
29022,55.4115197115
29029,36.2977615558
29036,76.0514560799
29043,50.696041563
29050,-19.5589599649
29057,-0.107572562165
29064,67.0355419134
29071,72.3488516024
29078,36.9597321982
29085,57.9742438877
29092,47.3955463152
29099,50.4574813563
29106,26.7336573901
29113,73.2329578281
29120,45.2385303849
29127,39.6064615802
29134,33.2457134924
29141,46.6729755249
29148,61.7992196606
29155,74.0389964133
29162,49.6290781339
29169,46.8653453619
29176,5.48990458927
29183,26.4341271276
29190,20.9327090699
29197,31.2341990081
29204,8.01627482217
29211,47.3885376853
29218,49.5837548616
29225,18.82966022
29232,42.0662226191
29239,45.2460776529
29246,51.2869381298
29253,20.4607581144
29260,-15.9914522005
29267,76.7620408974
29274,72.2207155427
29281,34.1843907349
29288,37.6822705101
29295,45.5843831616
29302,26.9503545241
29309,13.2710645706
29316,1.16805790178
29323,58.2862723054
29330,65.0741122699
29337,60.5988969271
29344,9.6926728611
29351,37.8643931462
29358,47.8703345996
29365,22.2841238466
29372,35.5435676731
29379,54.5214046115
29386,38.0648261935
29393,32.3664435745
29400,45.9585469112
29407,-18.8302978734
29414,50.9252331604
29421,18.6603775168
29428,17.7455704356
29435,-17.5314811983
29442,-16.6719284219
29449,71.1178373095
29456,74.3947827926
29463,77.1613505631
29470,71.378633554
29477,9.43987571105
29484,-10.6290770171
29491,13.441025266
29498,13.699123041
29505,20.9239901706
29512,11.8936415929
29519,10.7865452833
29526,11.0953229543
29533,10.7865452833
29540,79.5160361044
29547,42.2945478612
29554,43.7236277908
29561,7.25632949079
29568,22.4071938425
29575,20.4102872499
29582,58.8139377514
29589,14.3885590828
29596,78.9993943672
29603,-18.1399476602
29610,-23.8019520243
29617,34.658375649
29624,10.5161068014
29631,39.9515076481
29638,56.3404607545
29645,49.2040126549
29652,9.54319321641
29659,17.7390290089
29666,33.0094652659
29673,23.1270181502
29680,45.0262585618
29687,65.3315939899
29694,66.0907498145
29701,7.99057521009
29708,0.880815518425
29715,1.90129648427
29722,8.96082720079
29729,24.9337878496
29736,42.1639227434
29743,6.98211811763
29750,31.5467287993
29757,67.1134484697
29764,38.378404387
29771,51.7111966082
29778,39.5865189173
29785,32.8996693153
29792,46.4561543639
29799,60.5321495224
29806,62.0384403199
29813,33.2590434896
29820,48.5154551621
29827,36.8166174909
29834,67.4806154482
29841,55.7242564887
29848,36.7547246418
29855,53.9202739667
29862,53.2061229635
29869,56.1650962351
29876,68.1542902708
29883,65.1845615651
29890,57.7492962949
29897,58.8022174065
29904,54.7069158041
29911,45.9063570712
29918,44.4055820849
29925,30.5765935702
29932,57.6208581458
29939,51.5588573782
29946,15.6573806903
29953,35.1705200829
29960,29.5849846205
29967,46.377504378
29974,52.9790849936
29981,55.4078529557
29988,30.7184935274
29995,38.3929085833
30002,44.2439498621
30009,63.4887674969
30016,44.617082018
30023,38.1082493438
30030,43.0868632537
30037,46.6500360955
30044,48.1147638259
30051,41.0650784535
30058,-8.56349575611
30065,34.0965447494
30072,39.0063531364
30079,53.4775220227
30086,25.0229540535
30093,31.5665655364
30100,16.8068509008
30107,22.9514563829
30114,23.3300255375
30121,51.8568628802
30128,25.4795619343
30135,43.809158459
30142,52.478440783
30149,33.1818220772
30156,37.3414366403
30163,43.1860100846
30170,67.7894607316
30177,11.6860186528
30184,25.2417376098
30191,33.9304100335
30198,58.1547721621
30205,45.5874708856
30212,50.7652084991
30219,43.9970264569
30226,46.4976426393
30233,22.964825204
30240,31.6288177826
30247,19.2313364417
30254,40.2944567962
30261,59.8453233002
30268,61.9235031214
30275,47.5891395685
30282,41.7201607411
30289,39.614834289
30296,37.9967955779
30303,43.9063866196
30310,41.1418428293
30317,47.6575564116
30324,59.9842655143
30331,66.2411953723
30338,54.6911339848
30345,36.6685030559
30352,52.8714648431
30359,48.5395732938
30366,49.899292272
30373,56.5332653417
30380,19.0270467871
30387,62.0357097032
30394,10.427893257
30401,69.6827802089
30408,57.1647373004
30415,44.1638991456
30422,56.9125874653
30429,15.3962648866
30436,40.1292495038
30443,40.9789489981
30450,4.22635716169
30457,45.2907971347
30464,79.0170889237
30471,64.5675831082
30478,43.5363567611
30485,23.6415030055
30492,41.8086343777
30499,30.8694599135
30506,41.05642637
30513,29.8070252757
30520,22.9445769854
30527,66.8443758798
30534,7.54001472514
30541,69.3862383655
30548,33.6987411999
30555,45.2503544178
30562,51.8519350333
30569,46.0793750739
30576,53.8667230373
30583,3.69693159439
30590,-10.609213675
30597,25.841451423
30604,21.2008137583
30611,41.9431801848
30618,5.10043376081
30625,31.2147240267
30632,64.4412385105
30639,28.5730676523
30646,38.7772604025
30653,55.293094107
30660,26.9174854288
30667,19.3680388106
30674,51.3617844523
30681,64.626685731
30688,34.481611317
30695,73.0372403837
30702,60.7670370835
30709,-2.69079934508
30716,60.4932567833
30723,58.1829242413
30730,50.7578466793
30737,38.7886508385
30744,38.3788524713
30751,20.1161678797
30758,-11.4422133657
30765,12.6274013004
30772,21.6705471143
30779,61.7767287818
30786,52.3511664445
30793,10.800477337
30800,69.5148443336
30807,14.935820153
30814,25.2410078794
30821,25.0567721969
30828,61.2385290921
30835,34.0553098581
30842,22.5515286691
30849,63.4876173568
30856,35.4581962724
30863,52.0378451442
30870,51.0607734951
30877,39.1557967059
30884,46.976775418
30891,32.5423362173
30898,36.4340161247
30905,40.4416488064
30912,62.2586358077
30919,40.5767749247
30926,32.006922486
30933,23.915096722
30940,44.5639753262
30947,61.0920388781
30954,50.0640887451
30961,66.3074229842
30968,9.80361505105
30975,44.3600918278
30982,41.3074585264
30989,42.8707891372
30996,39.1560856729
31003,50.0058353999
31010,41.0220955091
31017,3.66972280575
31024,18.0138923526
31031,-14.2355249006
31038,58.9805983531
31045,-10.0712600224
31052,52.5489657792
31059,45.1843808504
31066,67.3808881614
31073,28.435701469
31080,40.6342832778
31087,45.2862081464
31094,29.6499457201
31101,46.5865222559
31108,40.0539004741
31115,-20.9829153181
31122,38.9119578099
31129,40.6256438329
31136,60.8828062671
31143,23.9919523456
31150,12.8351693273
31157,63.7169939885
31164,11.8532331922
31171,51.6485076634
31178,58.7400463079
31185,49.651884954
31192,-17.7883687478
31199,11.3626988679
31206,3.16699943556
31213,-15.264907218
31220,5.68051340086
31227,54.9305751654
31234,36.225515093
31241,78.2818083902
31248,54.6164951891
31255,42.1199414951
31262,78.5884585369
31269,42.4926028017
31276,37.130387336
31283,48.2679313692
31290,47.1830856721
31297,55.7353861758
31304,43.0620076296
31311,45.6243827806
31318,64.9897782323
31325,50.0297741907
31332,48.6556712106
31339,60.1859791318
31346,-13.2562862296
31353,76.6202728829
31360,81.0190815547
31367,49.8363876496
31374,42.5014850267
31381,46.1099879907
31388,52.3221094377
31395,40.6496149722
31402,38.7104823872
31409,56.5655978207
31416,55.6360876122
31423,29.180391514
31430,53.0005349227
31437,62.7682918857
31444,53.1607666683
31451,43.2457858765
31458,36.7040336012
31465,34.3963135284
31472,33.9375759721
31479,44.8012221497
31486,11.4737755278
31493,63.6291365534
31500,47.8323048209
31507,64.833443503
31514,21.2172062673
31521,8.12593146403
31528,35.2990087126
31535,31.264316807
31542,71.0093382639
31549,51.6665788008
31556,43.5395194637
31563,-14.7270910715
31570,58.0499462795
31577,25.226767361
31584,65.3725916949
31591,48.7458054619
31598,36.2950701497
31605,19.1435675426
31612,6.0786596156
31619,36.9868390215
31626,62.8629286087
31633,60.3486995982
31640,71.6511715852
31647,41.6500174264
31654,47.6941437146
31661,55.0937737461
31668,44.6729095335
31675,31.6243176994
31682,56.9842794307
31689,31.5361242018
31696,19.2241656971
31703,18.360644608
31710,18.2957526028
31717,61.7206794314
31724,57.5768280739
31731,47.9989304853
31738,37.9467780695
31745,30.5779600557
31752,33.0696874634
31759,19.5761658105
31766,56.2687911808
31773,43.6062857294
31780,57.9963185108
31787,55.7230457283
31794,71.570480655
31801,-12.4716427947
31808,20.2004820133
31815,31.6922824828
31822,-0.727051451667
31829,-2.91031564648
31836,-1.3390324316
31843,24.1042610225
31850,49.2351071971
31857,32.1299635131
31864,39.7454278254
31871,-10.1091047379
31878,46.3920768926
31885,51.7867400918
31892,-12.5280670147
31899,49.4573765886
31906,31.3140356742
31913,33.9842270773
31920,61.9688066437
31927,51.3603348082
31934,67.201071079
31941,56.5641720493
31948,29.9984812293
31955,36.7700442484
31962,38.006543493
31969,22.514428617
31976,43.6516208939
31983,57.9175964064
31990,45.5033555033
31997,36.212223181
32004,52.01088374
32011,50.3758536982
32018,27.0798298412
32025,25.9076886189
32032,18.0949687774
32039,49.1665469053
32046,42.0099287784
32053,51.3143314173
32060,51.2390622576
32067,31.7400548472
32074,65.3601519197
32081,37.6297780326
32088,46.8848203936
32095,50.8170109469
32102,45.7648697609
32109,33.3714739986
32116,36.0793625097
32123,43.9110489467
32130,52.5336697456
32137,42.2633227952
32144,48.586836188
32151,58.2869899397
32158,17.0090591724
32165,34.2667054993
32172,54.7652224045
32179,43.667637905
32186,39.4492875415
32193,38.665953892
32200,54.5973653291
32207,51.5969126867
32214,45.47179154
32221,38.6510949678
32228,42.6145979923
32235,40.1634661816
32242,53.0430401905
32249,33.9995888253
32256,37.3131248887
32263,34.480652029
32270,48.5864805768
32277,57.4037237418
32284,58.4095880087
32291,40.3934961515
32298,28.4847877738
32305,47.4384819227
32312,47.9168069492
32319,11.7431836673
32326,-7.78151411113
32333,16.0857574835
32340,26.3944436621
32347,37.7872742977
32354,33.4135718911
32361,32.3725658675
32368,31.8791142422
32375,57.6164796544
32382,14.1433099045
32389,47.0370824183
32396,40.0404836267
32403,60.3991319254
32410,59.7364146139
32417,16.2110786561
32424,11.3770560984
32431,2.91044612466
32438,57.4256724254
32445,68.684246049
32452,13.6269123694
32459,-13.2097975748
32466,57.487264156
32473,53.9936012419
32480,58.6714914438
32487,54.501532244
32494,36.9088468228
32501,35.2432036622
32508,40.3699003733
32515,37.1355394814
32522,44.3918117274
32529,28.5589148034
32536,48.922053805
32543,40.0393604546
32550,47.7165178521
32557,48.127655058
32564,54.1165867592
32571,53.7106535235
32578,1.36829801512
32585,31.8911934819
32592,32.3825927147
32599,49.5877471327
32606,36.4964723294
32613,36.1118469315
32620,27.1293372698
32627,36.3733680268
32634,57.7571977783
32641,58.6172276636
32648,63.7727947938
32655,56.142871703
32662,51.6580092837
32669,33.955585987
32676,23.2332941471
32683,25.1029599046
32690,20.5585363381
32697,45.8631854419
32704,44.0794573864
32711,31.0037746039
32718,32.9412977695
32725,7.52036783327
32732,55.9121471424
32739,37.5584644406
32746,29.3308043009
32753,28.2080470798
32760,54.9596156085
32767,45.394166451
32774,46.9141888343
32781,61.0436919972
32788,26.9992117088
32795,30.35352082
32802,48.2166033862
32809,58.8763008836
32816,19.1634494072
32823,13.4034349717
32830,59.5973860364
32837,74.5092773388
32844,34.6280137401
32851,28.3953758909
32858,35.4324408372
32865,44.8490643511
32872,36.0080003675
32879,36.1404682767
32886,19.1697831525
32893,-8.87921048873
32900,25.9946382898
32907,36.296556372
32914,37.5849667014
32921,60.8548147783
32928,57.4134663398
32935,6.74951059381
32942,47.5618022496
32949,41.8413039826
32956,37.3006674134
32963,24.574376234
32970,31.5980181001
32977,35.3162251828
32984,0.115789240869
32991,42.8658022588
32998,57.4175160246
33005,41.7255106987
33012,44.8775320464
33019,40.8643127029
33026,62.553222809
33033,57.5485889298
33040,46.475418279
33047,58.2194758107
33054,34.3577732521
33061,46.8858321197
33068,42.3934644309
33075,55.1063485315
33082,49.8265211837
33089,45.9395026371
33096,45.5179843684
33103,53.0796088693
33110,22.1069646413
33117,44.5574962407
33124,34.8708967495
33131,-16.5558399596
33138,46.4646012977
33145,31.8576606589
33152,57.0820103322
33159,47.3628820238
33166,43.3009527313
33173,50.326387176
33180,41.5416387787
33187,35.7928544921
33194,44.2438763194
33201,68.3695663418
33208,20.8775644884
33215,27.8637869391
33222,29.2731160302
33229,8.98756077353
33236,44.4412039881
33243,43.2876691513
